timestamp,accx,accy,accz
11:18:21.538,-0.675,0.52,0.523
11:18:21.733,-0.679,0.507,0.51
11:18:21.928,-0.666,0.508,0.524
11:18:22.123,-0.668,0.515,0.513
11:18:22.317,-0.67,0.511,0.521
11:18:22.513,-0.687,0.511,0.528
11:18:22.707,-0.663,0.507,0.513
11:18:22.904,-0.665,0.516,0.526
11:18:23.148,-0.67,0.506,0.522
11:18:23.343,-0.667,0.508,0.525
11:18:23.539,-0.67,0.514,0.5
11:18:23.733,-0.664,0.496,0.545
11:18:23.928,-0.668,0.507,0.533
11:18:24.124,-0.665,0.512,0.518
11:18:24.318,-0.646,0.484,0.581
11:18:24.514,-0.62,0.495,0.575
11:18:24.708,-0.645,0.492,0.565
11:18:24.903,-0.644,0.499,0.547
11:18:25.099,-0.654,0.499,0.555
11:18:25.294,-0.668,0.503,0.527
11:18:25.488,-0.665,0.512,0.535
11:18:25.684,-0.665,0.5,0.532
11:18:25.878,-0.672,0.511,0.546
11:18:26.072,-0.671,0.5,0.537
11:18:26.267,-0.669,0.51,0.52
11:18:26.462,-0.663,0.504,0.518
11:18:26.657,-0.669,0.5,0.531
11:18:26.854,-0.681,0.514,0.54
11:18:27.047,-0.668,0.508,0.528
11:18:27.242,-0.647,0.499,0.541
11:18:27.485,-0.67,0.512,0.52
11:18:27.680,-0.668,0.507,0.529
11:18:27.875,-0.67,0.512,0.532
11:18:28.071,-0.67,0.515,0.529
11:18:28.265,-0.672,0.512,0.531
11:18:28.460,-0.674,0.508,0.538
11:18:28.655,-0.679,0.509,0.516
11:18:28.850,-0.664,0.498,0.515
11:18:29.045,-0.676,0.501,0.537
11:18:29.240,-0.671,0.505,0.525
11:18:29.435,-0.684,0.523,0.519
11:18:29.630,-0.672,0.513,0.517
11:18:29.825,-0.671,0.51,0.525
11:18:30.021,-0.665,0.507,0.514
11:18:30.215,-0.677,0.506,0.523
11:18:30.459,-0.67,0.514,0.532
11:18:30.606,-0.657,0.509,0.534
11:18:30.850,-0.667,0.509,0.514
11:18:30.997,-0.665,0.505,0.527
11:18:31.191,-0.677,0.496,0.534
11:18:31.385,-0.674,0.521,0.538
11:18:31.580,-0.671,0.51,0.514
11:18:31.824,-0.672,0.5,0.523
11:18:32.020,-0.664,0.506,0.52
11:18:32.215,-0.673,0.497,0.521
11:18:32.410,-0.667,0.513,0.527
11:18:32.617,-0.687,0.523,0.514
11:18:32.799,-0.68,0.514,0.514
11:18:32.995,-0.659,0.506,0.53
11:18:33.239,-0.669,0.507,0.533
11:18:33.385,-0.666,0.517,0.547
11:18:33.628,-0.668,0.508,0.531
11:18:33.775,-0.678,0.498,0.536
11:18:33.969,-0.663,0.517,0.536
11:18:34.164,-0.661,0.508,0.525
11:18:34.360,-0.671,0.524,0.53
11:18:34.800,-0.663,0.513,0.53
11:18:34.800,-0.674,0.513,0.523
11:18:34.946,-0.671,0.509,0.519
11:18:35.140,-0.657,0.498,0.562
11:18:35.384,-0.677,0.5,0.527
11:18:35.530,-0.672,0.504,0.521
11:18:35.725,-0.654,0.505,0.517
11:18:35.920,-0.653,0.486,0.545
11:18:36.164,-0.663,0.502,0.547
11:18:36.358,-0.654,0.508,0.524
11:18:36.553,-0.656,0.506,0.534
11:18:36.749,-0.669,0.487,0.546
11:18:36.943,-0.668,0.511,0.549
11:18:37.140,-0.671,0.504,0.522
11:18:37.333,-0.685,0.519,0.506
11:18:37.529,-0.671,0.518,0.523
11:18:37.724,-0.69,0.494,0.517
11:18:37.917,-0.67,0.513,0.541
11:18:38.112,-0.685,0.503,0.515
11:18:38.307,-0.659,0.492,0.532
11:18:38.503,-0.657,0.498,0.537
11:18:38.698,-0.675,0.507,0.53
11:18:38.894,-0.677,0.514,0.53
11:18:39.088,-0.675,0.515,0.545
11:18:39.282,-0.684,0.507,0.531
11:18:39.479,-0.67,0.514,0.511
11:18:39.673,-0.671,0.504,0.515
11:18:39.869,-0.677,0.517,0.51
11:18:40.064,-0.683,0.5,0.545
11:18:40.308,-0.684,0.5,0.537
11:18:40.502,-0.652,0.497,0.549
11:18:40.697,-0.682,0.514,0.524
11:18:40.892,-0.676,0.514,0.535
11:18:41.088,-0.68,0.498,0.545
11:18:41.282,-0.666,0.495,0.527
11:18:41.477,-0.653,0.495,0.523
11:18:41.673,-0.661,0.507,0.544
11:18:41.868,-0.678,0.526,0.518
11:18:42.063,-0.673,0.513,0.512
11:18:42.258,-0.677,0.512,0.522
11:18:42.452,-0.673,0.515,0.495
11:18:42.648,-0.673,0.52,0.515
11:18:42.841,-0.681,0.519,0.516
11:18:43.037,-0.656,0.514,0.561
11:18:43.232,-0.671,0.498,0.531
11:18:43.426,-0.672,0.509,0.531
11:18:43.621,-0.659,0.487,0.548
11:18:43.816,-0.665,0.504,0.539
11:18:44.011,-0.666,0.508,0.524
11:18:44.207,-0.682,0.516,0.5
11:18:44.405,-0.672,0.506,0.518
11:18:44.646,-0.685,0.509,0.505
11:18:44.840,-0.673,0.508,0.526
11:18:45.035,-0.657,0.514,0.516
11:18:45.230,-0.651,0.507,0.545
11:18:45.425,-0.676,0.507,0.536
11:18:45.623,-0.681,0.507,0.521
11:18:45.816,-0.669,0.504,0.515
11:18:46.011,-0.676,0.499,0.52
11:18:46.206,-0.687,0.496,0.493
11:18:46.403,-0.678,0.506,0.513
11:18:46.598,-0.668,0.508,0.523
11:18:46.839,-0.69,0.515,0.501
11:18:47.034,-0.67,0.515,0.518
11:18:47.180,-0.682,0.521,0.506
11:18:47.375,-0.671,0.5,0.521
11:18:47.619,-0.683,0.504,0.504
11:18:47.814,-0.684,0.502,0.534
11:18:47.960,-0.664,0.508,0.525
11:18:48.205,-0.703,0.5,0.506
11:18:48.351,-0.711,0.519,0.517
11:18:48.547,-0.693,0.502,0.516
11:18:48.745,-0.692,0.512,0.513
11:18:48.984,-0.683,0.506,0.507
11:18:49.182,-0.68,0.507,0.509
11:18:49.375,-0.674,0.509,0.508
11:18:49.569,-0.68,0.494,0.529
11:18:49.765,-0.681,0.514,0.528
11:18:49.960,-0.666,0.508,0.516
11:18:50.155,-0.672,0.513,0.513
11:18:50.350,-0.68,0.495,0.52
11:18:50.546,-0.665,0.512,0.519
11:18:50.740,-0.677,0.509,0.53
11:18:50.935,-0.676,0.509,0.528
11:18:51.277,-0.661,0.502,0.544
11:18:51.325,-0.676,0.501,0.529
11:18:51.520,-0.685,0.492,0.512
11:18:51.716,-0.664,0.481,0.529
11:18:51.910,-0.687,0.501,0.526
11:18:52.107,-0.678,0.499,0.531
11:18:52.301,-0.683,0.494,0.542
11:18:52.495,-0.678,0.476,0.547
11:18:52.690,-0.675,0.494,0.549
11:18:52.885,-0.708,0.475,0.496
11:18:53.081,-0.705,0.49,0.51
11:18:53.324,-0.682,0.482,0.522
11:18:53.519,-0.691,0.498,0.517
11:18:53.713,-0.685,0.481,0.529
11:18:53.908,-0.672,0.505,0.52
11:18:54.103,-0.691,0.482,0.514
11:18:54.299,-0.672,0.496,0.516
11:18:54.493,-0.686,0.511,0.502
11:18:54.690,-0.673,0.511,0.531
11:18:54.884,-0.678,0.5,0.533
11:18:55.080,-0.685,0.492,0.524
11:18:55.274,-0.701,0.497,0.52
11:18:55.469,-0.688,0.505,0.524
11:18:55.665,-0.677,0.5,0.522
11:18:55.859,-0.674,0.508,0.509
11:18:56.054,-0.688,0.52,0.51
11:18:56.248,-0.677,0.522,0.494
11:18:56.444,-0.692,0.507,0.493
11:18:56.639,-0.684,0.502,0.507
11:18:56.836,-0.677,0.506,0.504
11:18:57.029,-0.694,0.503,0.505
11:18:57.224,-0.695,0.501,0.507
11:18:57.419,-0.683,0.501,0.496
11:18:57.664,-0.717,0.524,0.482
11:18:57.907,-0.697,0.52,0.482
11:18:58.054,-0.703,0.504,0.501
11:18:58.248,-0.699,0.512,0.476
11:18:58.446,-0.693,0.513,0.498
11:18:58.639,-0.697,0.52,0.478
11:18:58.835,-0.7,0.516,0.508
11:18:59.033,-0.685,0.508,0.482
11:18:59.223,-0.697,0.504,0.495
11:18:59.419,-0.695,0.516,0.479
11:18:59.613,-0.686,0.513,0.488
11:18:59.808,-0.688,0.511,0.495
11:19:00.005,-0.692,0.502,0.489
11:19:00.198,-0.688,0.52,0.479
11:19:00.393,-0.671,0.502,0.509
11:19:00.590,-0.672,0.521,0.496
11:19:00.783,-0.677,0.482,0.496
11:19:00.978,-0.678,0.491,0.508
11:19:01.175,-0.673,0.495,0.533
11:19:01.368,-0.698,0.496,0.512
11:19:01.563,-0.695,0.51,0.508
11:19:01.758,-0.699,0.517,0.51
11:19:02.002,-0.694,0.496,0.499
11:19:02.200,-0.686,0.522,0.501
11:19:02.392,-0.698,0.52,0.485
11:19:02.588,-0.671,0.536,0.484
11:19:02.783,-0.658,0.529,0.468
11:19:02.977,-0.678,0.533,0.478
11:19:03.172,-0.691,0.517,0.494
11:19:03.369,-0.683,0.527,0.502
11:19:03.562,-0.655,0.532,0.497
11:19:03.757,-0.69,0.514,0.493
11:19:03.953,-0.71,0.496,0.519
11:19:04.147,-0.702,0.483,0.514
11:19:04.345,-0.687,0.486,0.501
11:19:04.537,-0.69,0.497,0.511
11:19:04.780,-0.713,0.507,0.494
11:19:04.930,-0.699,0.49,0.514
11:19:05.124,-0.697,0.486,0.508
11:19:05.317,-0.682,0.49,0.509
11:19:05.562,-0.678,0.482,0.524
11:19:05.707,-0.695,0.487,0.518
11:19:05.902,-0.693,0.498,0.522
11:19:06.100,-0.684,0.496,0.514
11:19:06.390,-0.687,0.487,0.509
11:19:06.537,-0.692,0.501,0.522
11:19:06.731,-0.69,0.492,0.525
11:19:06.926,-0.691,0.483,0.511
11:19:07.120,-0.695,0.482,0.545
11:19:07.365,-0.686,0.487,0.512
11:19:07.510,-0.692,0.491,0.522
11:19:07.708,-0.684,0.486,0.529
11:19:07.949,-0.696,0.482,0.522
11:19:08.095,-0.687,0.475,0.511
11:19:08.292,-0.681,0.484,0.528
11:19:08.485,-0.675,0.474,0.522
11:19:08.680,-0.689,0.487,0.521
11:19:08.879,-0.691,0.482,0.527
11:19:09.071,-0.687,0.469,0.528
11:19:09.266,-0.675,0.494,0.544
11:19:09.461,-0.666,0.488,0.542
11:19:09.656,-0.687,0.477,0.543
11:19:09.849,-0.68,0.484,0.527
11:19:10.046,-0.727,0.487,0.544
11:19:10.241,-0.67,0.508,0.354
11:19:10.485,-0.629,0.521,0.61
11:19:10.680,-0.613,0.643,0.251
11:19:10.874,-0.717,0.767,0.244
11:19:11.070,-0.621,0.658,0.195
11:19:11.267,-0.654,0.665,0.284
11:19:11.460,-0.69,0.683,0.285
11:19:11.656,-0.638,0.666,0.283
11:19:11.849,-0.662,0.671,0.241
11:19:12.045,-0.7,0.685,0.288
11:19:12.241,-0.533,0.742,0.432
11:19:12.435,-0.608,0.642,0.413
11:19:12.630,-0.545,0.703,0.315
11:19:12.825,-0.578,0.722,0.372
11:19:13.021,-0.549,0.714,0.397
11:19:13.215,-0.556,0.701,0.43
11:19:13.410,-0.571,0.718,0.39
11:19:13.605,-0.571,0.707,0.387
11:19:13.799,-0.566,0.736,0.415
11:19:13.995,-0.519,0.712,0.383
11:19:14.190,-0.603,0.711,0.422
11:19:14.384,-0.523,0.67,0.452
11:19:14.582,-0.604,0.414,0.355
11:19:14.872,-0.829,0.187,0.803
11:19:15.019,-0.687,0.156,0.858
11:19:15.213,-0.478,0.256,0.76
11:19:15.408,-0.459,0.317,0.75
11:19:15.604,-0.408,0.379,0.763
11:19:15.848,-0.401,0.388,0.834
11:19:16.042,-0.428,0.37,0.797
11:19:16.238,-0.369,0.393,0.819
11:19:16.384,-0.396,0.413,0.83
11:19:16.578,-0.354,0.407,0.899
11:19:16.775,-0.306,0.462,0.808
11:19:16.970,-0.258,0.543,0.705
11:19:17.163,-0.308,0.536,0.77
11:19:17.406,-0.254,0.55,0.815
11:19:17.553,-0.271,0.566,0.732
11:19:17.749,-0.223,0.549,0.778
11:19:18.041,-0.282,0.585,0.758
11:19:18.138,-0.252,0.586,0.75
11:19:18.431,-0.267,0.549,0.819
11:19:18.528,-0.265,0.558,0.75
11:19:18.772,-0.273,0.553,0.767
11:19:18.967,-0.27,0.576,0.762
11:19:19.162,-0.259,0.574,0.745
11:19:19.357,-0.289,0.563,0.791
11:19:19.554,-0.27,0.542,0.775
11:19:19.746,-0.283,0.544,0.786
11:19:19.941,-0.285,0.511,0.797
11:19:20.185,-0.429,0.413,0.872
11:19:20.430,-0.437,0.334,0.815
11:19:20.575,-0.55,0.424,0.742
11:19:20.723,-0.757,0.18,0.899
11:19:20.916,-0.244,0.252,0.708
11:19:21.111,-0.675,0.309,0.641
11:19:21.355,-0.74,0.324,0.713
11:19:21.550,-0.591,0.329,0.683
11:19:21.696,-0.609,0.282,0.751
11:19:21.892,-0.513,0.323,0.744
11:19:22.086,-0.595,0.395,0.765
11:19:22.281,-0.589,0.35,0.776
11:19:22.477,-0.359,0.294,0.731
11:19:22.672,-0.604,0.367,0.769
11:19:22.866,-0.573,0.395,0.679
11:19:23.062,-0.601,0.384,0.707
11:19:23.256,-0.623,0.359,0.662
11:19:23.500,-0.659,0.666,0.632
11:19:23.695,-0.147,0.258,0.691
11:19:23.890,-0.154,-0.331,0.955
11:19:24.086,-0.082,-0.571,0.933
11:19:24.280,-0.222,-0.518,1.079
11:19:24.475,-0.311,-0.845,1.067
11:19:24.670,-0.434,-0.801,0.943
11:19:24.866,-0.271,-0.405,0.866
11:19:25.060,-0.255,0.407,0.728
11:19:25.260,-0.129,0.285,1.003
11:19:25.452,0.146,0.5,0.836
11:19:25.646,0.116,0.463,0.718
11:19:25.840,0.079,0.267,0.908
11:19:26.035,0.058,0.333,0.952
11:19:26.230,-0.087,0.309,0.958
11:19:26.425,-0.021,0.395,0.938
11:19:26.620,-0.149,0.298,0.942
11:19:26.815,-0.235,0.238,0.917
11:19:27.059,-0.089,0.235,0.944
11:19:27.205,-0.121,0.264,0.906
11:19:27.448,-0.075,0.182,0.943
11:19:27.595,-0.061,0.2,0.976
11:19:27.839,-0.091,0.192,0.981
11:19:28.034,-0.112,0.21,0.996
11:19:28.229,-0.119,0.229,0.967
11:19:28.473,-0.001,0.186,0.923
11:19:28.620,-0.064,0.196,0.928
11:19:28.815,-0.085,0.207,0.968
11:19:29.009,-0.198,0.281,0.977
11:19:29.204,0.047,0.154,1.144
11:19:29.399,-0.216,0.208,0.877
11:19:29.594,-0.076,0.015,0.665
11:19:29.791,0.657,-0.151,0.694
11:19:29.986,-0.233,-0.765,1.083
11:19:30.180,0.221,-2.0,1.361
11:19:30.375,-0.48,-1.669,0.48
11:19:30.570,0.352,1.792,0.24
11:19:30.814,-0.61,0.251,0.468
11:19:31.009,0.418,-0.301,1.586
11:19:31.155,-0.426,0.445,0.465
11:19:31.349,-0.117,-0.883,0.594
11:19:31.594,0.302,0.337,0.78
11:19:31.741,-0.602,-0.44,0.885
11:19:31.934,-0.416,-0.108,0.828
11:19:32.179,-0.925,-0.728,0.793
11:19:32.373,-0.506,-0.362,0.4
11:19:32.568,-0.7,-0.209,0.633
11:19:32.764,-0.656,-0.034,0.681
11:19:33.007,-0.879,-0.356,0.7
11:19:33.153,-0.684,-0.295,0.667
11:19:33.349,-0.56,-0.259,0.599
11:19:33.545,-0.671,-0.254,0.603
11:19:33.738,-0.705,-0.598,0.602
11:19:33.933,-0.604,-0.569,0.259
11:19:34.128,-0.431,-0.66,0.237
11:19:34.323,-0.413,-0.674,0.156
11:19:34.521,-0.204,-0.662,0.229
11:19:34.713,-0.123,-1.285,0.1
11:19:34.958,0.02,-0.945,0.135
11:19:35.104,-0.205,-0.917,-0.238
11:19:35.299,-0.464,-1.36,0.129
11:19:35.494,-0.511,-0.86,-0.258
11:19:35.690,-0.536,-0.742,0.061
11:19:35.885,-0.642,-0.755,0.148
11:19:36.080,-0.69,-0.723,0.16
11:19:36.275,-0.747,-0.664,0.217
11:19:36.566,-0.715,-0.685,0.226
11:19:36.712,-0.689,-0.662,0.297
11:19:36.908,-0.75,-0.733,0.175
11:19:37.104,-0.774,-0.712,0.548
11:19:37.299,-0.936,-0.548,0.569
11:19:37.493,-0.28,-0.63,0.585
11:19:37.687,0.242,-0.548,0.473
11:19:37.883,0.244,-0.692,0.688
11:19:38.077,0.31,-0.071,1.215
11:19:38.273,-0.005,-0.387,1.278
11:19:38.467,0.182,0.273,0.831
11:19:38.662,0.043,0.426,0.291
11:19:38.858,0.174,0.478,0.892
11:19:39.053,-0.257,-0.042,1.271
11:19:39.247,0.208,-0.236,0.949
11:19:39.443,0.525,-0.182,0.93
11:19:39.637,0.499,-0.178,0.8
11:19:39.833,0.335,0.102,0.901
11:19:40.027,0.409,-0.517,0.847
11:19:40.223,0.446,-0.295,0.833
11:19:40.417,0.582,-0.271,0.712
11:19:40.661,0.486,-0.307,0.842
11:19:40.856,0.445,-0.174,0.673
11:19:41.052,0.693,-0.31,0.739
11:19:41.246,0.649,-0.277,0.846
11:19:41.442,0.17,-0.327,1.01
11:19:41.636,0.294,-0.268,0.839
11:19:41.831,0.215,-0.315,0.939
11:19:42.028,0.269,-0.319,0.907
11:19:42.221,0.282,-0.346,0.902
11:19:42.416,0.256,-0.312,0.88
11:19:42.611,0.317,-0.35,0.894
11:19:42.807,0.324,-0.327,0.925
11:19:43.002,0.306,-0.313,0.863
11:19:43.197,0.278,-0.317,0.901
11:19:43.391,0.293,-0.325,0.887
11:19:43.586,0.306,-0.301,0.934
11:19:43.782,0.319,-0.298,0.924
11:19:43.977,0.327,-0.322,0.935
11:19:44.171,0.335,-0.336,0.924
11:19:44.366,0.292,-0.327,0.909
11:19:44.562,0.309,-0.316,0.87
11:19:44.756,0.324,-0.352,0.909
11:19:45.001,0.462,-0.356,0.88
11:19:45.195,0.369,-0.378,0.885
11:19:45.389,0.35,-0.35,0.835
11:19:45.587,0.402,-0.369,0.88
11:19:45.780,0.383,-0.402,0.849
11:19:45.975,0.369,-0.412,0.884
11:19:46.170,0.451,-0.35,0.843
11:19:46.366,0.357,-0.365,0.906
11:19:46.561,0.139,-0.266,0.598
11:19:46.754,0.298,-0.662,0.89
11:19:46.950,0.032,-0.75,0.717
11:19:47.145,0.118,-0.763,0.726
11:19:47.342,0.0,-0.82,0.992
11:19:47.536,-0.089,-0.776,0.851
11:19:47.731,-0.377,-0.304,0.761
11:19:47.926,-0.26,0.02,0.772
11:19:48.121,-0.577,-0.034,1.077
11:19:48.314,-0.642,-0.124,0.87
11:19:48.510,-0.617,-0.09,0.9
11:19:48.755,-0.451,0.006,0.841
11:19:48.900,-0.526,0.031,0.894
11:19:49.096,-0.545,0.022,0.899
11:19:49.339,-0.573,0.251,0.722
11:19:49.535,-0.618,0.28,0.766
11:19:49.729,-0.512,0.27,0.827
11:19:49.972,-0.446,0.211,0.824
11:19:50.119,-0.43,0.213,0.874
11:19:50.314,-0.425,0.251,0.846
11:19:50.508,-0.411,0.251,0.863
11:19:50.753,-0.429,0.216,0.884
11:19:50.997,-0.414,0.273,0.826
11:19:51.093,-0.426,0.241,0.849
11:19:51.289,-0.407,0.243,0.893
11:19:51.484,-0.423,0.235,0.892
11:19:51.680,-0.436,0.253,0.875
11:19:51.879,-0.427,0.242,0.889
11:19:52.069,-0.326,0.23,0.842
11:19:52.313,-0.309,0.211,0.92
11:19:52.460,-0.359,0.258,0.887
11:19:52.654,-0.376,0.251,0.833
11:19:52.850,-0.399,0.286,0.874
11:19:53.045,-0.395,0.232,0.872
11:19:53.239,-0.396,0.24,0.917
11:19:53.435,-0.367,0.253,0.884
11:19:53.679,-0.39,0.26,0.893
11:19:53.874,-0.393,0.243,0.891
11:19:54.067,-0.375,0.263,0.867
11:19:54.265,-0.411,0.259,0.875
11:19:54.459,-0.382,0.256,0.854
11:19:54.653,-0.394,0.225,0.91
11:19:54.848,-0.418,0.241,0.914
11:19:55.044,-0.44,0.3,0.864
11:19:55.238,-0.424,0.288,0.854
11:19:55.433,-0.416,0.274,0.88
11:19:55.629,-0.429,0.285,0.838
11:19:55.823,-0.438,0.292,0.869
11:19:56.018,-0.399,0.228,0.913
11:19:56.214,-0.436,0.407,0.694
11:19:56.408,-0.425,0.279,0.902
11:19:56.604,-0.421,0.295,0.878
11:19:56.848,-0.341,0.326,0.878
11:19:56.993,-0.367,0.354,0.862
11:19:57.188,-0.382,0.339,0.861
11:19:57.383,-0.378,0.335,0.862
11:19:57.578,-0.364,0.334,0.859
11:19:57.773,-0.37,0.331,0.869
11:19:58.016,-0.378,0.329,0.848
11:19:58.215,-0.368,0.351,0.868
11:19:58.406,-0.353,0.337,0.855
11:19:58.601,-0.367,0.335,0.856
11:19:58.798,-0.358,0.327,0.853
11:19:58.992,-0.367,0.34,0.855
11:19:59.236,-0.359,0.35,0.848
11:19:59.382,-0.383,0.327,0.875
11:19:59.577,-0.374,0.329,0.858
11:19:59.772,-0.367,0.327,0.864
11:19:59.967,-0.363,0.325,0.861
11:20:00.161,-0.363,0.315,0.864
11:20:00.356,-0.388,0.32,0.855
11:20:00.553,-0.373,0.293,0.862
11:20:00.747,-0.374,0.312,0.853
11:20:00.942,-0.427,0.423,0.803
11:20:01.137,-0.368,0.243,0.895
11:20:01.332,-0.338,0.336,0.791
11:20:01.526,-0.374,0.312,0.956
11:20:01.722,-0.349,0.256,0.931
11:20:01.918,-0.286,0.239,0.91
11:20:02.112,-0.304,0.284,0.912
11:20:02.356,-0.353,0.332,0.874
11:20:02.551,-0.328,0.311,0.881
11:20:02.746,-0.306,0.295,0.869
11:20:02.990,-0.329,0.324,0.943
11:20:03.136,-0.285,0.27,0.918
11:20:03.331,-0.278,0.303,0.937
11:20:03.526,-0.292,0.243,0.91
11:20:03.721,-0.29,0.3,0.938
11:20:03.916,-0.327,0.305,0.944
11:20:04.111,-0.338,0.335,0.873
11:20:04.308,-0.297,0.264,0.893
11:20:04.501,-0.29,0.225,0.926
11:20:04.697,-0.377,0.323,0.826
11:20:04.891,-0.439,0.241,0.898
11:20:05.087,-0.572,0.239,0.868
11:20:05.329,-0.379,0.295,0.915
11:20:05.476,-0.313,0.273,0.913
11:20:05.671,-0.286,0.259,0.915
11:20:05.866,-0.194,0.324,0.896
11:20:06.109,-0.175,0.29,0.958
11:20:06.256,-0.235,0.281,0.889
11:20:06.451,-0.261,0.298,0.934
11:20:06.744,-0.225,0.259,0.939
11:20:06.890,-0.227,0.205,1.036
11:20:07.085,-0.323,0.338,0.843
11:20:07.279,-0.214,0.267,0.93
11:20:07.474,-0.219,0.276,0.937
11:20:07.669,-0.236,0.275,0.925
11:20:07.865,-0.211,0.273,0.918
11:20:08.060,-0.228,0.281,0.927
11:20:08.255,-0.238,0.281,0.947
11:20:08.450,-0.255,0.262,0.936
11:20:08.645,-0.289,0.291,0.924
11:20:08.839,-0.256,0.419,0.923
11:20:09.034,-0.088,0.246,0.938
11:20:09.230,0.025,0.27,0.924
11:20:09.473,-0.008,0.37,0.913
11:20:09.621,0.015,0.381,0.876
11:20:09.815,0.051,0.322,0.916
11:20:10.011,-0.003,0.353,0.907
11:20:10.253,-0.029,0.264,0.92
11:20:10.400,-0.129,0.311,0.926
11:20:10.595,-0.085,0.404,0.94
11:20:10.791,0.078,0.268,0.88
11:20:11.034,0.048,0.292,0.941
11:20:11.229,0.041,0.385,0.945
11:20:11.424,0.167,0.441,0.87
11:20:11.619,0.046,0.412,1.002
11:20:11.863,0.056,0.359,0.937
11:20:12.057,0.101,0.383,0.889
11:20:12.301,0.11,0.348,0.924
11:20:12.399,0.101,0.347,0.93
11:20:12.642,0.107,0.364,0.937
11:20:12.788,0.052,0.33,0.94
11:20:12.983,0.077,0.355,0.922
11:20:13.179,0.132,0.362,0.923
11:20:13.373,0.133,0.346,0.987
11:20:13.568,0.165,0.356,0.909
11:20:13.812,0.141,0.355,0.902
11:20:13.959,0.117,0.367,0.869
11:20:14.202,0.123,0.348,0.904
11:20:14.349,0.116,0.329,0.918
11:20:14.544,0.129,0.347,0.912
11:20:14.740,0.107,0.358,0.918
11:20:14.933,0.11,0.363,0.91
11:20:15.228,0.123,0.311,0.935
11:20:15.373,0.127,0.37,0.9
11:20:15.567,0.14,0.321,0.912
11:20:15.763,0.159,0.342,0.916
11:20:16.005,0.122,0.341,0.912
11:20:16.153,0.168,0.364,0.902
11:20:16.348,0.149,0.337,0.942
11:20:16.542,0.136,0.351,0.938
11:20:16.786,0.145,0.354,0.923
11:20:16.933,0.184,0.343,0.913
11:20:17.127,0.122,0.364,0.928
11:20:17.322,0.109,0.318,0.918
11:20:17.566,0.222,0.348,0.873
11:20:17.714,0.123,0.306,0.91
11:20:17.907,0.031,0.383,0.915
11:20:18.102,0.084,0.337,0.9
11:20:18.297,-0.031,0.351,0.94
11:20:18.492,0.015,0.332,0.921
11:20:18.687,0.029,0.339,0.943
11:20:18.883,0.006,0.331,0.937
11:20:19.077,-0.014,0.299,0.94
11:20:19.272,0.017,0.308,0.944
11:20:19.517,0.031,0.313,0.934
11:20:19.711,-0.018,0.296,0.956
11:20:19.907,-0.151,0.029,1.055
11:20:20.102,-0.021,0.05,1.029
11:20:20.295,-0.016,0.099,0.942
11:20:20.496,-0.079,0.08,1.029
11:20:20.686,-0.031,0.18,0.995
11:20:20.881,-0.052,0.18,0.99
11:20:21.077,-0.072,0.185,0.979
11:20:21.274,-0.051,0.195,0.951
11:20:21.466,-0.045,0.19,0.965
11:20:21.664,-0.151,0.193,0.95
11:20:21.905,-0.049,0.087,0.99
11:20:22.051,-0.205,0.156,0.973
11:20:22.246,-0.157,0.169,0.983
11:20:22.441,-0.12,0.188,0.991
11:20:22.636,-0.099,0.167,0.973
11:20:22.832,-0.144,0.184,0.937
11:20:23.026,-0.241,0.073,1.027
11:20:23.222,-0.158,0.092,0.944
11:20:23.416,-0.06,0.018,1.034
11:20:23.612,-0.076,0.049,0.965
11:20:23.855,-0.135,0.008,1.03
11:20:24.050,-0.118,0.058,1.0
11:20:24.247,-0.049,0.067,0.956
11:20:24.440,-0.071,0.081,0.996
11:20:24.636,-0.059,0.177,0.954
11:20:24.879,-0.075,0.204,0.989
11:20:25.025,-0.05,0.147,0.974
11:20:25.222,-0.084,0.136,1.017
11:20:25.415,-0.076,0.14,0.969
11:20:25.660,-0.061,0.189,0.998
11:20:25.805,-0.092,0.128,0.995
11:20:26.049,-0.063,0.154,0.972
11:20:26.196,0.054,0.147,0.941
11:20:26.390,-0.003,-0.181,1.27
11:20:26.587,-0.653,0.565,0.55
11:20:26.829,-0.425,0.526,0.645
11:20:26.976,0.057,0.041,0.75
11:20:27.170,0.067,-0.028,0.979
11:20:27.365,0.685,-0.413,0.679
11:20:27.560,0.407,-0.348,0.963
11:20:27.755,0.446,-0.479,0.72
11:20:27.950,0.38,-0.527,0.908
11:20:28.194,0.682,-0.438,0.736
11:20:28.389,0.542,-0.493,0.796
11:20:28.584,0.189,-0.35,0.865
11:20:28.779,0.367,-0.359,1.01
11:20:28.974,0.25,-0.39,0.904
11:20:29.169,0.208,-0.297,0.939
11:20:29.364,0.211,-0.303,0.877
11:20:29.559,0.078,-0.287,0.848
11:20:29.754,0.002,-0.441,0.967
11:20:29.949,-0.018,-0.383,0.939
11:20:30.193,0.044,-0.328,0.952
11:20:30.338,0.026,-0.439,0.937
11:20:30.534,0.054,-0.256,0.976
11:20:30.729,0.025,-0.355,0.931
11:20:30.924,0.141,-0.311,0.906
11:20:31.119,0.02,-0.272,0.952
11:20:31.314,0.037,-0.299,0.975
11:20:31.509,0.063,-0.328,0.97
11:20:31.704,0.083,-0.315,0.939
11:20:31.899,0.029,-0.331,0.967
11:20:32.096,0.035,-0.304,0.967
11:20:32.289,0.022,-0.367,0.96
11:20:32.534,0.002,-0.357,0.929
11:20:32.728,0.03,-0.363,0.956
11:20:32.923,0.085,-0.388,0.977
11:20:33.119,0.059,-0.319,0.916
11:20:33.313,0.118,-0.363,0.965
11:20:33.508,0.081,-0.368,0.939
11:20:33.703,0.066,-0.356,0.935
11:20:33.897,0.074,-0.318,0.96
11:20:34.141,0.067,-0.426,0.956
11:20:34.288,0.113,-0.333,0.929
11:20:34.533,0.11,-0.354,0.947
11:20:34.678,0.134,-0.295,0.925
11:20:34.874,0.126,-0.328,0.926
11:20:35.067,0.026,-0.297,1.001
11:20:35.263,0.144,-0.312,0.913
11:20:35.458,0.069,-0.253,0.931
11:20:35.653,0.045,-0.355,1.019
11:20:35.848,0.04,-0.303,0.954
11:20:36.043,0.092,-0.239,0.94
11:20:36.238,0.064,-0.381,1.0
11:20:36.432,-0.016,-0.372,0.997
11:20:36.627,0.0,-0.379,0.971
11:20:36.872,0.1,-0.242,0.938
11:20:37.070,0.128,-0.215,0.926
11:20:37.262,0.062,-0.31,1.055
11:20:37.456,0.062,-0.323,0.97
11:20:37.652,0.038,-0.356,1.003
11:20:37.895,0.042,-0.283,0.945
11:20:38.041,0.211,-0.208,0.787
11:20:38.236,-0.106,-0.194,1.014
11:20:38.431,0.094,-0.522,0.962
11:20:38.626,0.036,-0.389,0.941
11:20:38.823,0.146,-0.316,1.01
11:20:39.017,0.126,-0.256,0.94
11:20:39.212,0.124,-0.255,0.989
11:20:39.406,0.045,-0.242,0.969
11:20:39.602,0.141,-0.281,0.916
11:20:39.796,0.116,-0.232,0.948
11:20:39.992,0.133,-0.271,0.967
11:20:40.186,0.171,-0.247,0.957
11:20:40.381,0.131,-0.26,0.975
11:20:40.576,0.137,-0.257,0.958
11:20:40.772,0.134,-0.228,0.954
11:20:40.966,0.116,-0.25,0.974
11:20:41.211,0.126,-0.243,0.958
11:20:41.407,0.117,-0.237,0.987
11:20:41.600,0.102,-0.232,0.991
11:20:41.795,0.112,-0.239,0.965
11:20:41.989,0.117,-0.219,0.974
11:20:42.185,0.126,-0.241,0.966
11:20:42.380,0.104,-0.248,0.971
11:20:42.576,0.127,-0.238,0.968
11:20:42.771,0.116,-0.242,0.969
11:20:42.966,0.105,-0.241,0.972
11:20:43.161,0.194,-0.233,0.93
11:20:43.356,0.093,-0.247,0.989
11:20:43.551,0.099,-0.252,0.971
11:20:43.746,0.092,-0.254,0.968
11:20:43.941,0.089,-0.236,0.97
11:20:44.136,0.098,-0.261,0.962
11:20:44.331,0.069,-0.237,0.978
11:20:44.526,0.086,-0.25,0.965
11:20:44.721,0.084,-0.253,0.972
11:20:44.916,0.088,-0.241,0.975
11:20:45.111,0.081,-0.253,0.982
11:20:45.305,0.069,-0.245,0.976
11:20:45.549,0.081,-0.25,0.983
11:20:45.744,0.092,-0.25,0.969
11:20:45.938,0.092,-0.237,0.976
11:20:46.133,0.077,-0.256,0.97
11:20:46.328,0.079,-0.244,0.977
11:20:46.590,0.082,-0.236,0.969
11:20:46.719,0.083,-0.247,0.97
11:20:46.914,0.09,-0.246,0.982
11:20:47.110,0.076,-0.244,0.971
11:20:47.305,0.087,-0.25,0.952
11:20:47.500,0.072,-0.253,0.969
11:20:47.694,0.063,-0.231,0.947
11:20:47.890,0.088,-0.243,0.986
11:20:48.085,0.076,-0.237,0.994
11:20:48.279,0.079,-0.245,0.981
11:20:48.477,0.081,-0.241,0.966
11:20:48.670,0.091,-0.242,0.969
11:20:48.866,0.077,-0.251,0.983
11:20:49.060,0.077,-0.236,0.987
11:20:49.256,0.082,-0.244,0.972
11:20:49.450,0.072,-0.24,0.996
11:20:49.693,0.083,-0.246,0.979
11:20:49.888,0.081,-0.239,0.97
11:20:50.084,0.069,-0.24,0.983
11:20:50.280,0.074,-0.224,0.984
11:20:50.473,0.088,-0.242,0.973
11:20:50.719,0.075,-0.232,0.978
11:20:50.864,0.081,-0.233,0.992
11:20:51.059,0.06,-0.22,0.992
11:20:51.255,0.149,-0.29,0.965
11:20:51.449,0.122,-0.25,0.973
11:20:51.742,0.226,-0.345,0.985
11:20:51.887,0.091,-0.195,0.895
11:20:52.033,0.107,-0.213,0.911
11:20:52.229,0.729,0.088,1.12
11:20:52.424,-0.191,-0.24,0.777
11:20:52.618,0.139,-0.214,0.919
11:20:52.813,0.002,-0.193,1.024
11:20:53.008,-0.017,-0.262,1.005
11:20:53.203,0.025,-0.178,0.927
11:20:53.398,0.018,-0.245,0.998
11:20:53.593,0.041,-0.225,0.979
11:20:53.789,0.026,-0.22,0.966
11:20:54.032,0.02,-0.199,0.998
11:20:54.226,0.022,-0.202,0.99
11:20:54.422,0.035,-0.194,0.973
11:20:54.617,0.034,-0.211,0.97
11:20:54.812,0.0,-0.166,1.001
11:20:55.007,0.016,-0.214,0.978
11:20:55.202,0.017,-0.195,0.997
11:20:55.397,0.027,-0.186,0.976
11:20:55.593,0.022,-0.199,0.98
11:20:55.837,0.013,-0.249,0.98
11:20:55.982,0.028,-0.205,0.967
11:20:56.177,0.01,-0.212,0.998
11:20:56.374,0.032,-0.196,0.965
11:20:56.569,0.0,-0.191,0.982
11:20:56.762,-0.007,-0.198,0.999
11:20:56.960,-0.025,-0.204,0.99
11:20:57.154,0.028,-0.169,0.996
11:20:57.348,-0.007,-0.239,0.956
11:20:57.544,0.002,-0.192,0.992
11:20:57.738,0.01,-0.221,0.992
11:20:57.933,0.036,-0.198,0.998
11:20:58.127,0.037,-0.093,0.924
11:20:58.371,-0.032,-0.309,1.066
11:20:58.568,0.059,-0.313,1.0
11:20:58.763,-0.008,-0.237,1.007
11:20:58.955,0.091,-0.218,0.949
11:20:59.153,0.046,-0.2,0.962
11:20:59.348,0.046,-0.182,0.978
11:20:59.541,-0.004,-0.323,1.034
11:20:59.737,-0.089,-0.29,1.012
11:20:59.932,0.061,-0.141,0.961
11:21:00.126,0.048,-0.167,0.945
11:21:00.320,0.06,-0.207,0.944
11:21:00.517,-0.066,-0.228,0.994
11:21:00.711,-0.013,-0.209,0.997
11:21:00.907,0.07,-0.191,0.935
11:21:01.101,0.079,-0.121,0.934
11:21:01.296,-0.104,-0.283,1.012
11:21:01.491,-0.085,-0.289,1.04
11:21:01.686,-0.016,-0.183,0.978
11:21:01.881,0.074,-0.211,0.929
11:21:02.077,0.095,-0.176,0.938
11:21:02.270,-0.088,-0.362,1.041
11:21:02.465,0.002,-0.28,0.994
11:21:02.709,0.066,-0.215,0.949
11:21:02.905,0.086,-0.16,0.935
11:21:03.101,-0.007,-0.276,1.008
11:21:03.295,-0.043,-0.297,1.014
11:21:03.490,-0.009,-0.219,0.972
11:21:03.684,0.081,-0.159,0.901
11:21:03.879,0.085,-0.104,0.918
11:21:04.075,-0.054,-0.35,1.045
11:21:04.269,-0.03,-0.262,1.035
11:21:04.464,0.084,-0.196,0.97
11:21:04.660,0.087,-0.18,0.961
11:21:04.855,0.044,-0.16,0.943
11:21:05.048,-0.015,-0.277,0.976
11:21:05.245,0.0,-0.213,0.998
11:21:05.440,0.035,-0.164,0.95
11:21:05.634,0.115,-0.137,0.914
11:21:05.829,-0.06,-0.296,1.009
11:21:06.025,-0.052,-0.231,1.013
11:21:06.221,0.057,-0.156,0.975
11:21:06.414,0.06,-0.153,0.94
11:21:06.611,-0.012,-0.217,1.023
11:21:06.806,-0.075,-0.21,1.037
11:21:07.049,0.067,-0.166,0.966
11:21:07.244,0.044,-0.162,0.97
11:21:07.439,0.14,-0.104,0.921
11:21:07.634,-0.021,-0.25,1.052
11:21:07.830,0.048,-0.206,1.006
11:21:08.024,0.068,-0.191,0.941
11:21:08.219,0.094,-0.115,0.937
11:21:08.415,-0.04,-0.302,1.045
11:21:08.609,-0.066,-0.246,1.041
11:21:08.805,0.029,-0.186,0.968
11:21:08.999,0.09,-0.108,0.933
11:21:09.194,-0.092,-0.219,1.022
11:21:09.390,-0.127,-0.265,1.066
11:21:09.584,0.018,-0.171,0.959
11:21:09.779,0.073,-0.125,0.947
11:21:09.975,0.071,-0.112,0.931
11:21:10.169,-0.063,-0.254,0.993
11:21:10.364,-0.013,-0.222,1.005
11:21:10.560,0.078,-0.126,0.928
11:21:10.754,0.089,-0.128,0.911
11:21:10.948,-0.064,-0.332,1.029
11:21:11.144,-0.049,-0.269,1.033
11:21:11.388,0.022,-0.143,0.976
11:21:11.582,0.084,-0.104,0.926
11:21:11.777,-0.098,-0.227,1.056
11:21:11.972,-0.127,-0.271,1.083
11:21:12.168,0.045,-0.171,0.974
11:21:12.362,0.078,-0.128,0.953
11:21:12.557,-0.066,-0.259,1.006
11:21:12.751,-0.156,-0.277,1.048
11:21:12.947,0.044,-0.148,0.951
11:21:13.142,0.07,-0.122,0.926
11:21:13.337,-0.05,-0.238,0.984
11:21:13.533,-0.103,-0.283,1.05
11:21:13.728,0.034,-0.183,0.951
11:21:13.922,0.071,-0.123,0.926
11:21:14.117,0.093,-0.121,0.915
11:21:14.314,-0.037,-0.239,1.022
11:21:14.509,0.015,-0.188,0.972
11:21:14.704,0.085,-0.163,0.928
11:21:14.898,0.095,-0.149,0.939
11:21:15.094,-0.08,-0.291,0.998
11:21:15.337,-0.002,-0.203,0.986
11:21:15.484,0.095,-0.151,0.96
11:21:15.725,0.09,-0.115,0.948
11:21:15.921,-0.047,-0.295,1.041
11:21:16.115,-0.066,-0.272,1.054
11:21:16.359,0.052,-0.165,0.972
11:21:16.505,0.093,-0.097,0.919
11:21:16.700,-0.025,-0.262,1.057
11:21:16.896,-0.067,-0.268,1.052
11:21:17.091,0.037,-0.151,0.985
11:21:17.289,0.088,-0.106,0.933
11:21:17.483,0.007,-0.212,0.976
11:21:17.676,-0.044,-0.232,1.055
11:21:17.872,-0.016,-0.159,0.965
11:21:18.068,0.047,-0.124,0.941
11:21:18.263,0.102,-0.109,0.922
11:21:18.457,-0.059,-0.219,1.014
11:21:18.653,-0.01,-0.198,0.983
11:21:18.849,0.04,-0.136,0.97
11:21:19.044,0.092,-0.099,0.925
11:21:19.238,-0.064,-0.287,1.061
11:21:19.434,-0.02,-0.221,1.002
11:21:19.628,0.007,-0.173,0.977
11:21:19.872,0.077,-0.181,0.975
11:21:20.067,0.06,-0.145,0.956
11:21:20.262,0.025,-0.192,0.949
11:21:20.457,-0.023,-0.176,0.979
11:21:20.652,0.012,-0.192,1.009
11:21:20.846,0.091,-0.103,1.134
11:21:21.041,0.422,-0.076,1.226
11:21:21.236,0.445,0.456,0.209
11:21:21.431,0.442,-0.041,1.293
11:21:21.627,0.289,0.476,0.796
11:21:21.822,0.307,0.671,0.316
11:21:22.016,0.105,0.445,0.961
11:21:22.212,0.113,0.394,0.986
11:21:22.407,0.096,0.48,0.806
11:21:22.600,0.267,0.397,0.917
11:21:22.796,0.26,0.414,0.952
11:21:22.991,0.373,0.312,0.851
11:21:23.188,-0.319,0.486,1.168
11:21:23.382,-0.044,0.662,0.477
11:21:23.576,0.26,0.743,0.348
11:21:23.771,0.618,0.266,0.596
11:21:24.015,0.547,0.512,0.356
11:21:24.210,0.257,0.421,1.026
11:21:24.406,0.561,0.467,1.318
11:21:24.601,0.218,0.606,0.684
11:21:24.797,0.283,0.542,0.73
11:21:24.990,0.367,0.501,0.794
11:21:25.186,0.339,0.526,0.79
11:21:25.381,0.272,0.557,0.756
11:21:25.575,0.244,0.563,0.795
11:21:25.770,0.273,0.549,0.766
11:21:25.964,0.278,0.544,0.778
11:21:26.161,0.281,0.548,0.769
11:21:26.405,0.252,0.559,0.784
11:21:26.550,0.298,0.56,0.723
11:21:26.746,0.393,0.75,0.475
11:21:26.940,0.659,0.714,0.29
11:21:27.136,0.426,0.577,0.774
11:21:27.379,0.445,0.709,0.517
11:21:27.526,0.407,0.691,0.614
11:21:27.722,0.418,0.689,0.565
11:21:27.916,0.369,0.707,0.568
11:21:28.111,0.41,0.666,0.596
11:21:28.306,0.449,0.676,0.568
11:21:28.550,0.408,0.676,0.662
11:21:28.744,0.372,0.645,0.647
11:21:28.940,0.42,0.668,0.612
11:21:29.135,0.371,0.669,0.634
11:21:29.330,0.436,0.657,0.602
11:21:29.524,0.305,0.745,0.591
11:21:29.720,0.277,0.807,0.423
11:21:29.914,0.41,0.576,0.74
11:21:30.110,0.31,0.706,0.606
11:21:30.305,0.324,0.678,0.654
11:21:30.500,0.296,0.671,0.668
11:21:30.693,0.28,0.683,0.677
11:21:30.890,0.295,0.658,0.687
11:21:31.085,0.288,0.679,0.671
11:21:31.279,0.276,0.68,0.671
11:21:31.475,0.327,0.672,0.638
11:21:31.669,0.306,0.667,0.643
11:21:31.865,0.314,0.68,0.646
11:21:32.061,0.3,0.67,0.683
11:21:32.254,0.301,0.684,0.653
11:21:32.448,0.302,0.669,0.671
11:21:32.645,0.303,0.69,0.625
11:21:32.888,0.316,0.687,0.637
11:21:33.084,0.302,0.68,0.697
11:21:33.277,0.304,0.688,0.642
11:21:33.474,0.295,0.672,0.713
11:21:33.669,0.333,0.693,0.64
11:21:33.864,0.302,0.689,0.627
11:21:34.059,0.312,0.689,0.633
11:21:34.254,0.274,0.68,0.668
11:21:34.449,0.299,0.709,0.629
11:21:34.691,0.258,0.681,0.669
11:21:34.838,0.281,0.69,0.628
11:21:35.033,0.302,0.708,0.641
11:21:35.229,0.295,0.698,0.656
11:21:35.424,0.297,0.692,0.63
11:21:35.619,0.269,0.688,0.651
11:21:35.814,0.274,0.711,0.644
11:21:36.107,0.262,0.718,0.683
11:21:36.204,0.317,0.658,0.636
11:21:36.399,0.255,0.625,0.702
11:21:36.592,0.414,0.603,0.688
11:21:36.788,0.418,0.655,0.589
11:21:36.982,0.47,0.62,0.617
11:21:37.227,0.494,0.54,0.674
11:21:37.421,0.525,0.523,0.656
11:21:37.617,0.486,0.613,0.632
11:21:37.811,0.44,0.583,0.65
11:21:38.007,0.455,0.589,0.665
11:21:38.200,0.506,0.578,0.633
11:21:38.394,0.383,0.609,0.704
11:21:38.589,0.36,0.574,0.7
11:21:38.785,0.392,0.612,0.664
11:21:38.981,0.352,0.621,0.688
11:21:39.176,0.358,0.632,0.692
11:21:39.370,0.361,0.649,0.68
11:21:39.565,0.423,0.719,0.586
11:21:39.761,0.315,0.478,0.82
11:21:39.956,0.218,0.345,0.995
11:21:40.151,0.438,0.411,0.869
11:21:40.345,0.3,0.396,0.878
11:21:40.541,0.416,0.299,0.823
11:21:40.735,0.366,0.304,0.92
11:21:40.931,0.49,0.255,0.794
11:21:41.126,0.301,0.452,0.752
11:21:41.321,0.931,0.458,0.656
11:21:41.566,0.577,0.526,-0.115
11:21:41.759,0.366,0.105,1.528
11:21:41.955,0.894,-0.02,0.515
11:21:42.149,0.773,0.15,0.562
11:21:42.345,0.794,0.096,0.683
11:21:42.540,0.558,0.147,0.837
11:21:42.736,0.807,0.075,0.659
11:21:42.931,0.725,0.166,0.586
11:21:43.126,0.767,0.145,0.63
11:21:43.320,0.702,0.152,0.701
11:21:43.515,0.743,0.15,0.618
11:21:43.709,0.832,0.029,0.684
11:21:43.905,0.713,0.084,0.672
11:21:44.100,0.593,0.36,0.718
11:21:44.294,0.727,0.235,0.641
11:21:44.538,0.707,0.199,0.652
11:21:44.684,0.603,0.322,0.734
11:21:44.879,0.613,0.272,0.703
11:21:45.074,0.679,0.24,0.712
11:21:45.268,0.659,0.263,0.699
11:21:45.463,0.699,0.253,0.682
11:21:45.659,0.535,0.257,0.979
11:21:45.904,0.62,0.317,0.655
11:21:46.097,0.614,0.263,0.779
11:21:46.292,0.619,0.286,0.742
11:21:46.488,0.598,0.284,0.688
11:21:46.682,0.643,0.265,0.722
11:21:46.877,0.621,0.298,0.726
11:21:47.072,0.62,0.262,0.728
11:21:47.268,0.56,0.282,0.766
11:21:47.462,0.642,0.237,0.717
11:21:47.658,0.654,0.235,0.735
11:21:47.853,0.551,0.307,0.782
11:21:48.048,0.69,0.207,0.673
11:21:48.243,0.576,0.336,0.73
11:21:48.438,0.817,0.08,0.729
11:21:48.633,0.583,0.262,0.757
11:21:48.829,0.629,0.361,0.617
11:21:49.024,0.591,0.347,0.653
11:21:49.219,0.674,0.336,0.717
11:21:49.414,0.653,0.313,0.659
11:21:49.608,0.631,0.28,0.738
11:21:49.805,0.548,0.407,0.748
11:21:49.998,0.59,0.308,0.715
11:21:50.244,0.642,0.319,0.636
11:21:50.438,0.64,0.142,0.921
11:21:50.631,0.532,0.198,0.753
11:21:50.829,0.617,0.146,0.888
11:21:51.024,0.499,0.272,0.795
11:21:51.218,0.54,0.201,0.811
11:21:51.413,0.556,0.218,0.798
11:21:51.607,0.541,0.251,0.805
11:21:51.803,0.535,0.234,0.773
11:21:51.999,0.59,0.215,0.807
11:21:52.192,0.547,0.233,0.783
11:21:52.388,0.556,0.244,0.79
11:21:52.581,0.558,0.201,0.835
11:21:52.777,0.532,0.198,0.822
11:21:52.973,0.569,0.192,0.82
11:21:53.167,0.562,0.25,0.79
11:21:53.362,0.556,0.203,0.82
11:21:53.558,0.598,0.228,0.781
11:21:53.752,0.604,0.259,0.76
11:21:53.947,0.602,0.227,0.774
11:21:54.141,0.631,0.265,0.738
11:21:54.386,0.581,0.294,0.789
11:21:54.582,0.609,0.25,0.772
11:21:54.776,0.685,0.314,0.645
11:21:54.971,0.647,0.416,0.578
11:21:55.166,0.713,0.36,0.626
11:21:55.360,0.658,0.425,0.633
11:21:55.556,0.707,0.398,0.596
11:21:55.800,0.68,0.395,0.604
11:21:55.945,0.702,0.36,0.621
11:21:56.140,0.723,0.36,0.61
11:21:56.335,0.701,0.39,0.584
11:21:56.530,0.716,0.377,0.59
11:21:56.726,0.717,0.39,0.587
11:21:56.921,0.687,0.309,0.647
11:21:57.116,0.696,0.319,0.644
11:21:57.309,0.693,0.323,0.649
11:21:57.507,0.686,0.354,0.647
11:21:57.702,0.755,0.28,0.593
11:21:57.944,0.69,0.345,0.643
11:21:58.138,0.715,0.344,0.632
11:21:58.286,0.709,0.315,0.596
11:21:58.481,0.708,0.336,0.623
11:21:58.725,0.706,0.335,0.593
11:21:58.920,0.754,0.245,0.656
11:21:59.165,0.671,0.302,0.634
11:21:59.310,0.699,0.272,0.607
11:21:59.505,0.77,0.267,0.564
11:21:59.700,0.741,0.274,0.619
11:21:59.896,0.694,0.277,0.649
11:22:00.090,0.667,0.233,0.74
11:22:00.286,0.654,0.22,0.687
11:22:00.480,0.675,0.194,0.705
11:22:00.675,0.712,0.231,0.733
11:22:00.869,0.686,0.262,0.691
11:22:01.064,0.728,0.234,0.653
11:22:01.259,0.672,0.249,0.689
11:22:01.454,0.685,0.217,0.696
11:22:01.649,0.669,0.247,0.713
11:22:01.845,0.696,0.268,0.635
11:22:02.040,0.697,0.222,0.685
11:22:02.235,0.635,0.247,0.71
11:22:02.430,0.666,0.233,0.715
11:22:02.625,0.675,0.225,0.677
11:22:02.821,0.669,0.23,0.66
11:22:03.064,0.75,0.214,0.671
11:22:03.257,0.553,0.325,0.729
11:22:03.453,0.685,0.123,0.719
11:22:03.649,0.718,0.088,0.74
11:22:03.843,0.654,0.176,0.743
11:22:04.039,0.716,0.176,0.705
11:22:04.233,0.627,0.2,0.752
11:22:04.476,0.645,0.144,0.769
11:22:04.625,0.631,0.157,0.716
11:22:04.818,0.674,0.18,0.682
11:22:05.014,0.659,0.169,0.731
11:22:05.210,0.646,0.171,0.768
11:22:05.404,0.668,0.166,0.736
11:22:05.599,0.661,0.192,0.7
11:22:05.794,0.657,0.205,0.655
11:22:05.990,0.707,0.226,0.664
11:22:06.185,0.693,0.162,0.683
11:22:06.379,0.674,0.166,0.722
11:22:06.574,0.668,0.154,0.742
11:22:06.769,0.691,0.156,0.684
11:22:07.013,0.686,0.169,0.732
11:22:07.158,0.687,0.181,0.724
11:22:07.402,0.688,0.155,0.704
11:22:07.598,0.681,0.178,0.713
11:22:07.792,0.673,0.178,0.717
11:22:07.986,0.682,0.187,0.718
11:22:08.182,0.656,0.206,0.712
11:22:08.376,0.653,0.181,0.712
11:22:08.571,0.654,0.221,0.694
11:22:08.767,0.664,0.217,0.715
11:22:08.961,0.67,0.223,0.704
11:22:09.156,0.693,0.194,0.717
11:22:09.353,0.674,0.212,0.708
11:22:09.550,0.674,0.213,0.711
11:22:09.793,0.671,0.2,0.716
11:22:09.937,0.678,0.198,0.714
11:22:10.134,0.676,0.212,0.719
11:22:10.328,0.666,0.196,0.712
11:22:10.524,0.675,0.197,0.718
11:22:10.718,0.669,0.199,0.708
11:22:10.914,0.663,0.199,0.711
11:22:11.110,0.67,0.202,0.718
11:22:11.304,0.682,0.202,0.709
11:22:11.498,0.676,0.201,0.729
11:22:11.742,0.684,0.192,0.721
11:22:11.937,0.68,0.213,0.719
11:22:12.133,0.679,0.2,0.716
11:22:12.327,0.67,0.209,0.709
11:22:12.524,0.662,0.202,0.716
11:22:12.716,0.663,0.23,0.729
11:22:12.914,0.655,0.201,0.726
11:22:13.108,0.683,0.202,0.709
11:22:13.303,0.665,0.211,0.71
11:22:13.497,0.666,0.22,0.722
11:22:13.692,0.657,0.206,0.705
11:22:13.888,0.657,0.21,0.706
11:22:14.082,0.664,0.22,0.693
11:22:14.278,0.669,0.219,0.704
11:22:14.473,0.675,0.221,0.708
11:22:14.667,0.672,0.212,0.714
11:22:14.862,0.67,0.211,0.713
11:22:15.057,0.655,0.192,0.717
11:22:15.302,0.651,0.217,0.712
11:22:15.448,0.666,0.204,0.72
11:22:15.643,0.672,0.202,0.71
11:22:15.838,0.672,0.203,0.705
11:22:16.081,0.654,0.217,0.714
11:22:16.327,0.665,0.214,0.699
11:22:16.471,0.669,0.217,0.71
11:22:16.667,0.668,0.208,0.715
11:22:16.862,0.67,0.199,0.709
11:22:17.105,0.672,0.194,0.711
11:22:17.251,0.675,0.235,0.711
11:22:17.447,0.705,0.215,0.671
11:22:17.643,0.735,0.246,0.673
11:22:17.838,0.669,0.223,0.627
11:22:18.079,0.493,0.103,0.881
11:22:18.227,0.453,0.182,0.736
11:22:18.422,0.468,0.122,0.861
11:22:18.618,-0.044,0.363,0.852
11:22:18.812,-0.326,0.019,1.091
11:22:19.008,0.133,-0.351,1.004
11:22:19.200,0.775,-0.304,0.481
11:22:19.396,0.68,-0.394,0.721
11:22:19.592,0.489,-0.428,0.727
11:22:19.787,0.576,-0.321,0.75
11:22:19.981,0.566,-0.431,0.788
11:22:20.226,0.491,-0.376,0.77
11:22:20.420,0.407,-0.435,0.84
11:22:20.616,0.433,-0.447,0.833
11:22:20.811,0.398,-0.43,0.78
11:22:21.006,0.671,-0.439,0.799
11:22:21.200,0.302,-0.324,0.79
11:22:21.396,0.328,-0.324,0.577
11:22:21.591,0.662,-0.462,0.88
11:22:21.786,0.387,-0.384,0.791
11:22:21.979,0.469,-0.41,0.829
11:22:22.176,0.465,-0.414,0.785
11:22:22.418,0.481,-0.417,0.753
11:22:22.613,0.484,-0.39,0.791
11:22:22.759,0.419,-0.393,0.823
11:22:22.956,0.528,-0.376,0.772
11:22:23.151,0.616,-0.246,0.656
11:22:23.346,0.494,-0.491,0.946
11:22:23.540,0.39,-0.464,0.873
11:22:23.736,0.562,-0.366,0.752
11:22:23.979,0.505,-0.4,0.766
11:22:24.125,0.521,-0.356,0.776
11:22:24.319,0.528,-0.399,0.768
11:22:24.563,0.513,-0.361,0.77
11:22:24.758,0.525,-0.373,0.753
11:22:24.953,0.527,-0.399,0.798
11:22:25.148,0.539,-0.37,0.715
11:22:25.348,0.514,-0.406,0.806
11:22:25.539,0.515,-0.313,0.769
11:22:25.782,0.537,-0.372,0.755
11:22:25.930,0.515,-0.39,0.787
11:22:26.123,0.504,-0.33,0.744
11:22:26.320,0.57,-0.344,0.753
11:22:26.514,0.526,-0.389,0.796
11:22:26.709,0.527,-0.352,0.785
11:22:26.905,0.55,-0.35,0.73
11:22:27.100,0.537,-0.389,0.794
11:22:27.295,0.539,-0.336,0.779
11:22:27.488,0.462,-0.374,0.845
11:22:27.685,0.497,-0.421,0.791
11:22:27.879,0.41,-0.457,0.837
11:22:28.073,0.369,-0.363,0.772
11:22:28.270,0.382,-0.408,0.902
11:22:28.465,0.44,-0.43,0.859
11:22:28.659,0.551,-0.417,0.736
11:22:28.904,0.591,-0.45,0.786
11:22:29.147,0.449,-0.434,0.719
11:22:29.294,0.502,-0.432,0.644
11:22:29.489,0.376,-0.404,0.713
11:22:29.681,0.429,-0.397,0.663
11:22:29.878,0.537,-0.452,0.725
11:22:30.073,0.451,-0.417,0.778
11:22:30.269,0.53,-0.465,0.689
11:22:30.462,0.56,-0.5,0.744
11:22:30.658,0.479,-0.463,0.797
11:22:30.854,0.649,-0.447,0.691
11:22:31.048,0.639,-0.403,0.627
11:22:31.244,0.321,-0.536,0.873
11:22:31.438,0.434,-0.4,0.733
11:22:31.632,0.449,-0.605,0.836
11:22:31.829,0.522,-0.508,0.669
11:22:32.022,0.335,-0.316,0.859
11:22:32.218,0.427,-0.339,0.724
11:22:32.413,0.472,-0.478,0.798
11:22:32.656,0.434,-0.505,0.904
11:22:32.804,0.579,-0.295,0.697
11:22:32.997,0.656,-0.292,0.672
11:22:33.242,0.664,-0.329,0.676
11:22:33.438,0.442,-0.459,0.794
11:22:33.632,0.517,-0.409,0.759
11:22:33.827,0.59,-0.373,0.704
11:22:34.022,0.671,-0.278,0.636
11:22:34.266,0.647,-0.317,0.673
11:22:34.410,0.644,-0.355,0.68
11:22:34.607,0.631,-0.488,0.838
11:22:34.801,0.565,-0.425,0.797
11:22:34.998,0.656,-0.352,0.659
11:22:35.192,0.673,-0.312,0.666
11:22:35.386,0.643,-0.297,0.644
11:22:35.631,0.621,-0.341,0.677
11:22:35.777,0.48,-0.425,0.763
11:22:35.972,0.638,-0.37,0.687
11:22:36.166,0.68,-0.336,0.658
11:22:36.362,0.637,-0.304,0.643
11:22:36.557,0.619,-0.322,0.66
11:22:36.752,0.494,-0.434,0.782
11:22:36.947,0.634,-0.373,0.698
11:22:37.142,0.659,-0.329,0.663
11:22:37.338,0.657,-0.314,0.651
11:22:37.580,0.574,-0.355,0.7
11:22:37.776,0.518,-0.439,0.761
11:22:38.019,0.65,-0.362,0.675
11:22:38.166,0.66,-0.346,0.656
11:22:38.361,0.671,-0.313,0.629
11:22:38.556,0.655,-0.335,0.664
11:22:38.751,0.524,-0.411,0.738
11:22:38.946,0.634,-0.424,0.729
11:22:39.141,0.639,-0.301,0.661
11:22:39.336,0.633,-0.356,0.668
11:22:39.530,0.653,-0.377,0.709
11:22:39.726,0.632,-0.367,0.685
11:22:39.920,0.661,-0.337,0.672
11:22:40.115,0.636,-0.376,0.686
11:22:40.312,0.623,-0.352,0.681
11:22:40.506,0.67,-0.349,0.681
11:22:40.700,0.63,-0.373,0.67
11:22:40.895,0.665,-0.349,0.662
11:22:41.091,0.66,-0.373,0.674
11:22:41.285,0.613,-0.294,0.676
11:22:41.481,0.601,-0.431,0.957
11:22:41.676,0.334,-0.354,0.87
11:22:41.920,0.183,-0.247,0.973
11:22:42.114,0.298,-0.288,0.94
11:22:42.308,0.336,-0.292,0.982
11:22:42.504,0.286,-0.256,0.899
11:22:42.700,0.342,-0.329,0.906
11:22:42.893,0.187,-0.208,0.937
11:22:43.090,0.231,-0.146,1.0
11:22:43.284,0.253,-0.237,0.953
11:22:43.479,0.254,-0.209,0.954
11:22:43.674,0.351,-0.318,0.863
11:22:43.870,0.124,-0.495,0.749
11:22:44.065,0.326,-0.362,0.945
11:22:44.259,0.614,-0.324,0.766
11:22:44.455,0.584,-0.367,0.979
11:22:44.649,0.45,-0.367,0.803
11:22:44.844,0.473,-0.335,0.745
11:22:45.039,0.584,-0.379,0.704
11:22:45.235,0.573,-0.39,0.755
11:22:45.430,0.572,-0.39,0.73
11:22:45.626,0.591,-0.393,0.707
11:22:45.820,0.565,-0.424,0.725
11:22:46.063,0.579,-0.386,0.689
11:22:46.306,0.596,-0.386,0.721
11:22:46.453,0.568,-0.371,0.71
11:22:46.649,0.601,-0.377,0.698
11:22:46.842,0.602,-0.401,0.707
11:22:47.086,0.583,-0.371,0.684
11:22:47.282,0.616,-0.408,0.712
11:22:47.429,0.59,-0.425,0.731
11:22:47.624,0.575,-0.418,0.746
11:22:47.867,0.577,-0.399,0.75
11:22:48.013,0.585,-0.354,0.731
11:22:48.207,0.57,-0.37,0.732
11:22:48.404,0.584,-0.395,0.733
11:22:48.647,0.582,-0.385,0.723
11:22:48.794,0.573,-0.387,0.73
11:22:48.988,0.59,-0.381,0.733
11:22:49.183,0.578,-0.391,0.74
11:22:49.426,0.579,-0.391,0.724
11:22:49.574,0.585,-0.393,0.731
11:22:49.767,0.579,-0.376,0.723
11:22:49.962,0.577,-0.385,0.72
11:22:50.158,0.584,-0.376,0.715
11:22:50.402,0.581,-0.409,0.744
11:22:50.598,0.595,-0.38,0.721
11:22:50.793,0.589,-0.39,0.715
11:22:50.988,0.589,-0.394,0.733
11:22:51.182,0.586,-0.395,0.721
11:22:51.378,0.573,-0.376,0.725
11:22:51.572,0.586,-0.377,0.733
11:22:51.767,0.576,-0.372,0.726
11:22:51.962,0.587,-0.366,0.731
11:22:52.158,0.578,-0.369,0.729
11:22:52.352,0.579,-0.361,0.722
11:22:52.548,0.576,-0.377,0.733
11:22:52.743,0.579,-0.385,0.714
11:22:52.937,0.583,-0.377,0.717
11:22:53.132,0.591,-0.378,0.729
11:22:53.327,0.587,-0.381,0.716
11:22:53.523,0.594,-0.397,0.722
11:22:53.718,0.585,-0.404,0.71
11:22:53.912,0.586,-0.388,0.723
11:22:54.108,0.586,-0.388,0.736
11:22:54.303,0.586,-0.39,0.723
11:22:54.498,0.595,-0.37,0.729
11:22:54.693,0.555,-0.428,0.752
11:22:54.936,0.551,-0.347,0.736
11:22:55.132,0.548,-0.248,0.778
11:22:55.326,0.55,-0.295,0.756
11:22:55.519,0.626,-0.288,0.731
11:22:55.717,0.599,-0.252,0.731
11:22:55.912,0.517,-0.379,0.815
11:22:56.105,0.509,-0.268,0.82
11:22:56.300,0.464,-0.272,0.812
11:22:56.496,0.583,-0.338,0.862
11:22:56.692,0.527,-0.274,0.767
11:22:56.886,0.487,-0.34,0.86
11:22:57.129,0.445,-0.213,0.715
11:22:57.275,0.491,-0.28,0.913
11:22:57.471,0.609,-0.234,0.773
11:22:57.666,0.315,-0.207,0.923
11:22:57.910,0.252,-0.347,1.068
11:22:58.057,0.166,-0.153,0.963
11:22:58.253,0.187,-0.144,1.07
11:22:58.446,0.243,-0.224,0.909
11:22:58.641,0.241,-0.177,0.946
11:22:58.837,0.464,-0.325,0.817
11:22:59.081,0.379,-0.486,1.0
11:22:59.275,0.006,-0.4,0.947
11:22:59.469,-0.186,-0.131,0.936
11:22:59.665,-0.051,-0.261,1.084
11:22:59.859,0.161,-0.399,0.664
11:23:00.055,0.32,-0.435,0.952
11:23:00.249,0.141,-0.699,0.974
11:23:00.446,-0.104,-0.354,0.893
11:23:00.640,-0.234,-0.161,0.939
11:23:00.835,-0.023,-0.27,0.925
11:23:01.030,0.065,-0.397,0.986
11:23:01.225,-0.022,-0.266,0.911
11:23:01.418,-0.048,-0.313,0.966
11:23:01.614,-0.119,-0.309,0.974
11:23:01.810,-0.039,-0.347,0.967
11:23:02.006,-0.061,-0.305,0.918
11:23:02.248,-0.051,-0.331,0.912
11:23:02.395,-0.056,-0.424,0.958
11:23:02.589,-0.061,-0.426,0.944
11:23:02.785,-0.058,-0.291,0.874
11:23:02.979,-0.017,-0.41,0.986
11:23:03.174,-0.156,-0.274,0.985
11:23:03.369,-0.166,-0.298,0.988
11:23:03.660,-0.104,-0.331,0.915
11:23:03.806,-0.029,-0.41,0.925
11:23:04.001,-0.155,-0.258,1.022
11:23:04.195,-0.007,-0.344,0.956
11:23:04.391,-0.169,-0.182,0.979
11:23:04.636,-0.069,-0.231,1.017
11:23:04.783,-0.111,-0.254,0.957
11:23:04.976,-0.161,-0.15,0.996
11:23:05.172,0.057,-0.162,0.9
11:23:05.464,0.007,-0.331,0.994
11:23:05.612,0.027,-0.296,1.011
11:23:05.806,0.001,-0.16,0.944
11:23:05.953,0.049,-0.266,0.956
11:23:06.147,0.067,-0.384,0.953
11:23:06.391,-0.004,0.093,1.037
11:23:06.585,-0.127,-0.133,0.931
11:23:06.829,0.079,-0.554,1.0
11:23:06.976,0.713,-0.44,0.555
11:23:07.121,0.574,-0.421,0.623
11:23:07.316,0.664,-0.302,0.74
11:23:07.512,0.479,-0.381,0.695
11:23:07.951,0.334,-0.48,0.892
11:23:07.952,0.344,-0.404,0.821
11:23:08.146,0.399,-0.354,0.789
11:23:08.390,0.403,-0.402,0.824
11:23:08.634,0.449,-0.4,0.807
11:23:08.780,0.452,-0.409,0.806
11:23:08.974,0.492,-0.375,0.842
11:23:09.171,0.441,-0.375,0.849
11:23:09.316,0.378,-0.412,0.812
11:23:09.608,0.502,-0.362,0.815
11:23:09.705,0.47,-0.368,0.803
11:23:09.901,0.466,-0.364,0.79
11:23:10.096,0.504,-0.37,0.822
11:23:10.291,0.476,-0.344,0.793
11:23:10.486,0.397,-0.3,0.797
11:23:10.681,0.471,-0.318,0.849
11:23:10.877,0.439,-0.315,0.822
11:23:11.120,0.479,-0.348,0.843
11:23:11.266,0.47,-0.393,0.768
11:23:11.461,0.489,-0.397,0.81
11:23:11.656,0.491,-0.339,0.831
11:23:11.851,0.457,-0.379,0.807
11:23:12.094,0.433,-0.351,0.854
11:23:12.339,0.455,-0.356,0.862
11:23:12.484,0.443,-0.324,0.785
11:23:12.680,0.527,-0.42,0.828
11:23:12.874,0.494,-0.393,0.718
11:23:13.070,0.494,-0.42,0.781
11:23:13.265,0.492,-0.395,0.77
11:23:13.460,0.491,-0.375,0.823
11:23:13.655,0.47,-0.341,0.784
11:23:13.851,0.447,-0.367,0.816
11:23:14.046,0.508,-0.396,0.807
11:23:14.241,0.451,-0.366,0.802
11:23:14.434,0.525,-0.423,0.793
11:23:14.629,0.45,-0.425,0.796
11:23:14.825,0.498,-0.423,0.829
11:23:15.021,0.48,-0.375,0.78
11:23:15.216,0.456,-0.39,0.819
11:23:15.410,0.501,-0.354,0.776
11:23:15.606,0.424,-0.37,0.854
11:23:15.800,0.453,-0.336,0.819
11:23:15.995,0.443,-0.359,0.853
11:23:16.190,0.493,-0.333,0.835
11:23:16.434,0.468,-0.345,0.849
11:23:16.629,0.44,-0.333,0.798
11:23:16.823,0.445,-0.386,0.857
11:23:17.019,0.408,-0.248,0.85
11:23:17.215,0.309,-0.342,0.996
11:23:17.409,0.243,-0.248,0.896
11:23:17.605,0.293,-0.191,0.963
11:23:17.799,0.269,-0.189,0.958
11:23:17.994,0.259,-0.168,0.936
11:23:18.189,0.265,-0.175,0.942
11:23:18.385,0.256,-0.2,0.979
11:23:18.578,0.251,-0.182,0.973
11:23:18.774,0.221,-0.207,0.928
11:23:18.969,0.336,-0.225,0.932
11:23:19.163,0.322,-0.187,0.913
11:23:19.358,0.414,-0.193,0.949
11:23:19.553,0.306,-0.144,0.912
11:23:19.747,0.304,-0.022,0.898
11:23:19.942,0.345,-0.018,0.875
11:23:20.137,-0.086,0.07,0.999
11:23:20.333,-0.238,0.052,0.931
11:23:20.529,-0.29,0.057,1.015
11:23:20.772,-0.073,0.206,0.938
11:23:20.967,0.326,-0.225,1.113
11:23:21.161,0.291,-0.128,0.933
11:23:21.356,0.314,-0.215,0.901
11:23:21.552,0.48,-0.309,0.91
11:23:21.748,0.43,-0.257,0.892
11:23:21.942,0.321,-0.229,0.918
11:23:22.138,0.083,-0.219,0.96
11:23:22.333,0.316,-0.252,0.916
11:23:22.528,0.189,-0.217,0.932
11:23:22.723,0.233,-0.201,0.993
11:23:22.919,0.245,-0.216,0.95
11:23:23.113,0.169,-0.174,1.04
11:23:23.309,0.263,-0.229,1.023
11:23:23.503,0.227,-0.122,0.946
11:23:23.698,0.149,-0.024,0.996
11:23:23.893,0.296,-0.066,0.988
11:23:24.088,0.283,-0.091,0.95
11:23:24.282,0.172,-0.148,1.044
11:23:24.478,0.016,-0.08,0.936
11:23:24.673,-0.048,-0.107,1.001
11:23:24.868,0.158,-0.205,0.995
11:23:25.111,-0.056,-0.164,0.986
11:23:25.306,-0.019,-0.054,0.927
11:23:25.503,-0.071,-0.122,1.041
11:23:25.697,0.123,-0.26,0.962
11:23:25.891,-0.015,-0.229,0.981
11:23:26.086,0.067,-0.211,0.943
11:23:26.282,0.172,-0.226,1.008
11:23:26.477,0.006,-0.184,0.927
11:23:26.672,-0.079,-0.195,0.892
11:23:26.865,-0.124,-0.22,0.907
11:23:27.060,-0.134,-0.243,1.065
11:23:27.254,-0.252,-0.076,0.979
11:23:27.449,-0.132,-0.181,1.058
11:23:27.644,-0.091,-0.103,0.977
11:23:27.840,-0.062,-0.168,1.043
11:23:28.035,-0.137,-0.168,0.932
11:23:28.231,0.009,-0.077,0.892
11:23:28.425,0.019,-0.079,0.967
11:23:28.621,-0.09,-0.155,1.013
11:23:28.815,0.127,-0.079,0.951
11:23:29.061,0.04,-0.014,0.952
11:23:29.255,-0.082,0.02,0.98
11:23:29.450,0.048,-0.04,0.932
11:23:29.645,-0.152,0.001,1.067
11:23:29.839,0.004,-0.14,1.028
11:23:30.035,-0.012,-0.172,1.104
11:23:30.229,-0.238,0.098,0.816
11:23:30.423,-0.183,-0.038,0.82
11:23:30.619,-0.053,-0.043,0.909
11:23:30.813,-0.276,-0.222,0.913
11:23:31.008,-0.421,-0.057,0.88
11:23:31.206,-0.358,-0.043,0.903
11:23:31.399,-0.322,-0.094,0.968
11:23:31.618,-0.334,-0.082,0.941
11:23:31.789,-0.313,-0.079,0.929
11:23:31.984,-0.264,-0.039,0.968
11:23:32.179,-0.274,-0.092,1.018
11:23:32.373,-0.25,-0.062,1.021
11:23:32.569,-0.219,-0.106,1.001
11:23:32.764,-0.163,-0.108,0.985
11:23:32.959,0.229,-0.031,0.969
11:23:33.154,0.617,0.081,0.757
11:23:33.349,0.466,0.168,0.859
11:23:33.641,-0.233,0.303,0.725
11:23:33.787,0.483,0.67,1.12
11:23:33.982,0.036,0.425,0.815
11:23:34.178,0.253,0.514,1.068
11:23:34.373,0.292,0.459,0.599
11:23:34.567,-0.422,0.457,0.628
11:23:34.762,-0.251,0.237,1.032
11:23:35.006,0.102,0.253,1.083
11:23:35.152,0.289,0.329,1.038
11:23:35.347,-0.348,0.481,0.758
11:23:35.543,-0.4,0.627,0.644
11:23:35.738,-0.65,0.695,0.238
11:23:35.934,-0.529,0.775,0.198
11:23:36.128,-0.425,0.857,0.174
11:23:36.324,-0.312,0.922,0.092
11:23:36.519,-0.393,0.896,0.257
11:23:36.714,-0.333,0.896,0.405
11:23:36.908,-0.445,0.852,0.399
11:23:37.103,-0.281,0.787,0.573
11:23:37.299,0.397,0.345,0.999
11:23:37.494,0.52,0.147,1.194
11:23:37.690,0.016,0.522,0.689
11:23:37.933,0.098,0.582,0.825
11:23:38.177,-0.312,0.426,0.975
11:23:38.322,-0.202,0.658,0.65
11:23:38.519,0.129,0.446,0.794
11:23:38.761,0.234,0.11,1.326
11:23:38.907,0.3,0.326,0.918
11:23:39.152,0.366,0.372,0.856
11:23:39.297,0.255,0.324,1.022
11:23:39.493,0.334,0.397,0.865
11:23:39.688,0.061,0.356,0.867
11:23:39.883,0.25,0.293,1.047
11:23:40.077,0.495,0.56,0.751
11:23:40.274,0.309,0.386,0.89
11:23:40.467,0.178,0.368,0.632
11:23:40.662,0.219,0.426,1.043
11:23:40.857,0.099,0.404,1.084
11:23:41.053,-0.276,0.765,0.457
11:23:41.247,-0.287,0.858,0.058
11:23:41.443,-0.18,0.798,0.404
11:23:41.637,-0.337,0.927,0.164
11:23:41.832,-0.347,0.79,0.335
11:23:42.027,-0.289,0.857,0.253
11:23:42.275,-0.393,0.815,0.225
11:23:42.466,-0.346,0.773,0.626
11:23:42.661,-0.458,0.597,0.627
11:23:42.856,-0.682,0.552,0.703
11:23:43.050,-0.357,0.407,0.91
11:23:43.246,-0.77,0.429,0.533
11:23:43.441,-0.72,0.54,0.551
11:23:43.637,-0.748,0.434,0.526
11:23:43.880,-0.763,0.423,0.604
11:23:44.026,-0.708,0.43,0.558
11:23:44.221,-0.715,0.445,0.533
11:23:44.416,-0.7,0.471,0.538
11:23:44.611,-0.699,0.46,0.526
11:23:44.806,-0.686,0.529,0.514
11:23:45.000,-0.68,0.484,0.513
11:23:45.196,-0.796,0.456,0.596
11:23:45.393,-0.687,0.5,0.432
11:23:45.587,-0.729,0.429,0.57
11:23:45.784,-0.702,0.509,0.481
11:23:45.979,-0.771,0.51,0.454
11:23:46.170,-0.581,0.523,0.575
11:23:46.366,-0.645,0.408,0.627
11:23:46.613,-0.257,0.461,0.91
11:23:46.807,-0.368,0.506,0.792
11:23:47.000,0.022,0.482,0.826
11:23:47.197,0.018,0.297,0.913
11:23:47.390,0.073,0.265,1.052
11:23:47.585,0.217,0.242,0.973
11:23:47.781,0.078,0.189,1.024
11:23:47.975,0.213,0.278,0.948
11:23:48.171,0.471,0.091,0.928
11:23:48.365,0.367,0.046,0.906
11:23:48.560,0.051,0.115,1.03
11:23:48.756,0.355,-0.008,0.775
11:23:48.950,0.091,0.054,0.946
11:23:49.146,0.231,0.027,1.006
11:23:49.340,0.133,-0.003,0.895
11:23:49.535,0.254,0.134,0.885
11:23:49.731,0.3,0.079,0.822
11:23:49.925,0.209,-0.034,1.005
11:23:50.122,0.152,0.03,1.102
11:23:50.319,0.159,0.012,0.937
11:23:50.509,0.144,0.008,0.95
11:23:50.704,0.254,-0.089,0.925
11:23:50.948,0.221,0.145,0.908
11:23:51.143,0.186,-0.086,0.824
11:23:51.340,0.202,-0.194,1.142
11:23:51.538,0.24,-0.12,0.971
11:23:51.742,0.122,-0.283,0.966
11:23:51.925,0.173,-0.122,1.008
11:23:52.118,0.184,-0.025,0.999
11:23:52.315,0.211,0.053,0.939
11:23:52.508,0.312,-0.051,1.097
11:23:52.703,0.178,0.005,0.957
11:23:52.898,0.189,0.013,0.951
11:23:53.095,0.005,0.008,0.986
11:23:53.289,0.526,0.163,0.898
11:23:53.483,0.224,0.172,0.916
11:23:53.679,0.343,0.142,0.917
11:23:53.876,0.381,0.177,0.962
11:23:54.069,0.306,0.147,0.979
11:23:54.263,0.333,0.205,0.888
11:23:54.459,0.2,0.338,0.944
11:23:54.654,0.23,0.367,0.95
11:23:54.849,0.242,0.364,0.835
11:23:55.044,0.238,0.379,0.884
11:23:55.291,0.189,0.391,0.872
11:23:55.483,0.245,0.432,0.895
11:23:55.677,0.203,0.408,0.894
11:23:55.872,0.177,0.447,0.894
11:23:56.067,0.235,0.375,0.867
11:23:56.263,0.148,0.459,0.841
11:23:56.457,0.093,0.554,0.743
11:23:56.654,0.2,0.615,0.842
11:23:56.847,0.102,0.538,0.783
11:23:57.043,0.048,0.483,0.776
11:23:57.238,0.183,0.61,0.98
11:23:57.433,0.116,0.627,0.675
11:23:57.627,0.262,0.317,0.819
11:23:57.823,0.217,0.273,0.933
11:23:58.022,0.421,0.064,0.873
11:23:58.213,0.364,-0.052,1.043
11:23:58.408,0.285,-0.036,1.033
11:23:58.603,0.267,-0.01,0.948
11:23:58.798,0.22,-0.037,0.955
11:23:58.993,0.107,-0.118,0.891
11:23:59.191,-0.403,-0.128,0.957
11:23:59.382,-0.354,-0.058,0.906
11:23:59.627,-0.49,-0.017,0.873
11:23:59.822,-0.592,-0.123,0.933
11:24:00.017,-0.395,-0.096,0.925
11:24:00.212,-0.301,-0.26,1.004
11:24:00.406,-0.737,-0.127,0.821
11:24:00.601,-0.744,-0.135,0.694
11:24:00.796,-0.453,-0.179,0.818
11:24:00.991,-0.472,-0.266,0.808
11:24:01.189,-0.448,-0.404,0.908
11:24:01.384,-0.362,-0.388,0.916
11:24:01.576,-0.465,-0.305,0.841
11:24:01.772,-0.206,-0.384,0.916
11:24:01.966,-0.227,-0.412,0.95
11:24:02.161,-0.452,-0.308,0.763
11:24:02.357,-0.314,-0.432,0.921
11:24:02.551,-0.404,-0.337,0.638
11:24:02.746,-0.304,-0.479,0.957
11:24:02.942,-0.388,-0.339,0.717
11:24:03.137,-0.279,-0.437,0.979
11:24:03.332,-0.248,-0.387,0.964
11:24:03.527,-0.267,-0.431,0.87
11:24:03.770,-0.352,-0.427,0.845
11:24:03.965,-0.248,-0.374,0.779
11:24:04.161,-0.257,-0.321,0.861
11:24:04.355,-0.311,-0.476,0.917
11:24:04.550,-0.292,-0.377,0.933
11:24:04.746,-0.256,-0.424,0.86
11:24:04.940,-0.312,-0.421,0.997
11:24:05.138,-0.158,-0.439,0.952
11:24:05.331,-0.277,-0.384,0.764
11:24:05.525,-0.246,-0.491,0.956
11:24:05.720,-0.149,-0.423,0.89
11:24:05.915,-0.266,-0.48,0.833
11:24:06.112,-0.211,-0.427,1.014
11:24:06.306,-0.41,-0.466,0.923
11:24:06.549,-0.493,-0.065,0.816
11:24:06.696,-0.877,-0.006,0.314
11:24:06.891,-1.0,-0.051,0.407
11:24:07.085,-0.923,-0.116,0.227
11:24:07.280,-0.84,0.296,0.348
11:24:07.475,-1.151,-0.274,0.153
11:24:07.670,-0.784,-0.02,0.211
11:24:07.869,-0.645,0.36,0.214
11:24:08.109,-1.44,-0.03,-0.416
11:24:08.303,-0.862,0.196,0.153
11:24:08.498,-0.592,0.231,0.216
11:24:08.694,-1.048,0.027,-0.172
11:24:08.888,-1.002,0.397,-0.001
11:24:09.132,-0.662,0.498,-0.208
11:24:09.279,-0.861,0.354,-0.32
11:24:09.473,-0.775,0.584,-0.406
11:24:09.670,-0.691,0.567,-0.289
11:24:09.864,-0.597,0.595,-0.383
11:24:10.059,-0.755,0.562,-0.382
11:24:10.254,-0.724,0.583,-0.392
11:24:10.449,-0.747,0.516,-0.438
11:24:10.643,-0.776,0.514,-0.153
11:24:10.839,-0.618,0.562,-0.414
11:24:11.033,-0.884,0.524,-0.275
11:24:11.228,-0.663,0.535,-0.415
11:24:11.429,-0.784,0.504,-0.41
11:24:11.619,-0.801,0.472,-0.361
11:24:11.813,-0.747,0.541,-0.444
11:24:12.010,-0.836,0.432,-0.307
11:24:12.207,-0.786,0.5,-0.41
11:24:12.448,-0.875,0.412,-0.23
11:24:12.643,-0.804,0.557,-0.344
11:24:12.842,-0.777,0.499,-0.269
11:24:13.034,-0.816,0.473,-0.229
11:24:13.228,-0.689,0.651,-0.265
11:24:13.423,-0.667,0.541,-0.07
11:24:13.619,-0.878,0.496,-0.014
11:24:13.812,-0.76,0.481,0.16
11:24:14.007,-0.858,0.519,0.218
11:24:14.202,-0.593,0.652,0.547
11:24:14.400,-0.737,0.28,0.407
11:24:14.592,-0.542,0.561,0.704
11:24:14.787,-0.551,0.448,0.501
11:24:14.984,-0.711,0.441,0.748
11:24:15.177,-0.328,0.699,0.68
11:24:15.373,-0.625,0.437,0.642
11:24:15.568,-0.424,0.625,0.666
11:24:15.763,-0.602,0.505,0.541
11:24:15.958,-0.337,0.626,0.72
11:24:16.152,-0.489,0.529,0.534
11:24:16.348,-0.381,0.825,0.843
11:24:16.543,-0.659,0.452,0.388
11:24:16.787,-0.402,0.688,0.963
11:24:16.981,-0.617,0.522,0.4
11:24:17.177,-0.343,0.719,0.707
11:24:17.373,-0.604,0.509,0.314
11:24:17.567,-0.429,0.75,0.58
11:24:17.761,-0.604,0.501,0.847
11:24:17.957,-0.289,0.336,0.967
11:24:18.151,-0.626,0.128,0.466
11:24:18.395,-0.694,-0.196,0.943
11:24:18.544,0.29,-0.629,0.905
11:24:18.742,0.235,-0.435,0.862
11:24:18.981,-0.359,-0.451,1.02
11:24:19.127,0.166,-0.155,0.99
11:24:19.322,-0.009,-0.286,0.911
11:24:19.516,0.097,-0.333,0.939
11:24:19.712,0.124,-0.358,0.886
11:24:19.956,0.021,-0.408,0.902
11:24:20.101,0.186,-0.531,0.889
11:24:20.296,0.297,-0.437,0.828
11:24:20.491,0.349,-0.383,0.842
11:24:20.688,0.285,-0.387,0.897
11:24:20.882,0.316,-0.391,0.881
11:24:21.126,0.318,-0.281,0.881
11:24:21.320,0.223,-0.447,0.984
11:24:21.565,0.491,-0.188,0.73
11:24:21.713,0.478,-0.298,0.943
11:24:21.910,0.485,-0.262,0.848
11:24:22.100,0.431,-0.268,0.839
11:24:22.344,0.518,-0.298,0.819
11:24:22.490,0.448,-0.271,0.8
11:24:22.686,0.452,-0.324,0.873
11:24:22.882,0.405,-0.295,0.864
11:24:23.076,0.477,-0.302,0.794
11:24:23.274,0.498,-0.35,0.864
11:24:23.466,0.434,-0.276,0.828
11:24:23.709,0.458,-0.359,0.869
11:24:23.856,0.441,-0.312,0.823
11:24:24.051,0.424,-0.326,0.854
11:24:24.248,0.437,-0.322,0.868
11:24:24.440,0.42,-0.335,0.853
11:24:24.636,0.414,-0.318,0.871
11:24:24.830,0.409,-0.33,0.854
11:24:25.076,0.395,-0.313,0.863
11:24:25.367,0.415,-0.333,0.868
11:24:25.471,0.407,-0.337,0.86
11:24:25.682,0.424,-0.335,0.867
11:24:25.855,0.408,-0.331,0.855
11:24:26.196,0.404,-0.323,0.861
11:24:26.245,0.405,-0.322,0.873
11:24:26.489,0.415,-0.321,0.873
11:24:26.691,0.413,-0.318,0.865
11:24:26.831,0.384,-0.319,0.852
11:24:27.074,0.399,-0.309,0.873
11:24:27.221,0.408,-0.312,0.867
11:24:27.415,0.389,-0.321,0.876
11:24:27.660,0.402,-0.307,0.869
11:24:27.853,0.407,-0.315,0.858
11:24:28.000,0.408,-0.297,0.877
11:24:28.194,0.407,-0.302,0.868
11:24:28.390,0.411,-0.321,0.865
11:24:28.634,0.404,-0.308,0.884
11:24:28.781,0.393,-0.301,0.874
11:24:28.975,0.4,-0.32,0.871
11:24:29.169,0.419,-0.327,0.866
11:24:29.364,0.415,-0.324,0.86
11:24:29.560,0.41,-0.334,0.86
11:24:29.803,0.395,-0.33,0.863
11:24:29.998,0.419,-0.358,0.888
11:24:30.199,0.312,-0.355,0.929
11:24:30.441,0.566,-0.226,0.725
11:24:30.583,0.574,-0.362,0.746
11:24:30.778,0.579,-0.282,0.747
11:24:30.973,0.565,-0.255,0.785
11:24:31.168,0.548,-0.255,0.775
11:24:31.364,0.57,-0.284,0.8
11:24:31.559,0.635,-0.284,0.743
11:24:31.757,0.595,-0.307,0.758
11:24:31.948,0.616,-0.281,0.752
11:24:32.143,0.618,-0.31,0.749
11:24:32.338,0.685,-0.303,0.697
11:24:32.538,0.596,-0.287,0.75
11:24:32.728,0.598,-0.306,0.733
11:24:32.923,0.608,-0.318,0.746
11:24:33.167,0.589,-0.304,0.746
11:24:33.313,0.596,-0.296,0.748
11:24:33.511,0.601,-0.315,0.77
11:24:33.753,0.556,-0.297,0.736
11:24:33.898,0.608,-0.338,0.755
11:24:34.190,0.568,-0.299,0.734
11:24:34.337,0.665,-0.253,0.714
11:24:34.532,0.576,-0.371,0.765
11:24:34.732,0.582,-0.402,0.739
11:24:34.923,0.605,-0.339,0.691
11:24:35.117,0.599,-0.304,0.737
11:24:35.311,0.598,-0.236,0.745
11:24:35.557,0.583,-0.276,0.766
11:24:35.702,0.596,-0.287,0.754
11:24:35.897,0.612,-0.297,0.747
11:24:36.191,0.59,-0.306,0.762
11:24:36.336,0.596,-0.312,0.748
11:24:36.483,0.657,-0.31,0.761
11:24:36.677,0.589,-0.341,0.773
11:24:36.873,0.598,-0.286,0.789
11:24:37.067,0.584,-0.291,0.752
11:24:37.311,0.598,-0.333,0.773
11:24:37.456,0.608,-0.284,0.735
11:24:37.652,0.596,-0.301,0.73
11:24:37.847,0.588,-0.295,0.747
11:24:38.044,0.589,-0.291,0.768
11:24:38.242,0.588,-0.3,0.754
11:24:38.482,0.597,-0.294,0.759
11:24:38.677,0.585,-0.28,0.771
11:24:38.871,0.594,-0.292,0.756
11:24:39.066,0.598,-0.303,0.748
11:24:39.261,0.605,-0.297,0.774
11:24:39.461,0.599,-0.285,0.758
11:24:39.700,0.594,-0.284,0.748
11:24:39.846,0.605,-0.297,0.767
11:24:40.090,0.586,-0.282,0.778
11:24:40.237,0.53,-0.321,0.77
11:24:40.431,0.657,-0.326,0.742
11:24:40.625,0.645,-0.367,0.706
11:24:40.822,0.685,-0.272,0.512
11:24:41.018,0.648,-0.486,0.585
11:24:41.212,0.503,-0.542,0.859
11:24:41.406,0.201,-0.273,0.982
11:24:41.600,0.036,-0.189,1.067
11:24:41.796,0.216,-0.075,0.898
11:24:41.993,0.056,-0.142,1.004
11:24:42.185,0.117,0.017,0.964
11:24:42.381,0.084,-0.032,0.999
11:24:42.624,-0.113,0.021,1.026
11:24:42.824,0.029,-0.082,0.982
11:24:43.015,-0.011,-0.092,0.997
11:24:43.210,-0.129,0.075,1.033
11:24:43.404,0.074,-0.07,0.994
11:24:43.601,-0.131,-0.042,0.982
11:24:43.795,-0.111,-0.011,0.908
11:24:43.989,-0.004,-0.142,0.968
11:24:44.187,-0.526,-0.01,1.272
11:24:44.380,0.074,-0.18,0.986
11:24:44.575,-0.018,-0.16,0.929
11:24:44.769,-0.308,0.05,0.969
11:24:44.965,-0.141,0.438,1.112
11:24:45.160,0.3,-0.191,0.593
11:24:45.354,-0.222,-0.076,0.688
11:24:45.551,-1.757,-0.045,0.698
11:24:45.744,-0.423,-0.524,0.881
11:24:45.939,-0.898,-1.594,-0.062
11:24:46.137,-0.225,-0.849,-0.342
11:24:46.330,0.0,-1.036,-0.018
11:24:46.525,-0.198,-1.09,0.06
11:24:46.720,-0.447,-1.628,-0.184
11:24:46.964,0.228,-1.551,-0.053
11:24:47.160,-0.158,-0.98,0.239
11:24:47.355,-0.166,-0.629,0.131
11:24:47.549,-0.314,-0.632,0.241
11:24:47.744,-0.098,-0.76,0.731
11:24:47.940,-0.194,-0.433,0.682
11:24:48.134,-0.479,-0.512,0.688
11:24:48.329,-0.605,-0.474,0.58
11:24:48.526,-0.559,-0.788,0.527
11:24:48.820,-0.533,-0.891,0.647
11:24:48.919,-0.312,-0.898,0.569
11:24:49.109,-0.418,-0.703,0.316
11:24:49.304,-0.407,-0.719,0.473
11:24:49.499,-0.414,-0.728,0.563
11:24:49.693,-0.427,-0.771,0.523
11:24:49.938,-0.387,-0.854,0.397
11:24:50.083,-0.41,-0.817,0.363
11:24:50.280,-0.485,-0.847,0.275
11:24:50.476,-0.378,-0.904,0.261
11:24:50.669,-0.447,-0.923,0.197
11:24:50.864,-0.338,-0.965,0.211
11:24:51.060,-0.303,-0.83,0.231
11:24:51.302,-0.415,-0.972,0.227
11:24:51.497,-0.422,-0.942,0.192
11:24:51.693,-0.409,-0.933,0.182
11:24:51.888,-0.334,-0.854,0.198
11:24:52.085,-0.393,-0.894,0.28
11:24:52.277,-0.436,-0.926,0.263
11:24:52.473,-0.376,-0.915,0.252
11:24:52.667,-0.349,-0.877,0.256
11:24:52.862,-0.382,-0.878,0.273
11:24:53.058,-0.394,-0.881,0.283
11:24:53.254,-0.412,-0.876,0.276
11:24:53.447,-0.415,-0.943,0.248
11:24:53.691,-0.387,-0.863,0.258
11:24:53.837,-0.432,-0.884,0.241
11:24:54.033,-0.468,-0.895,0.224
11:24:54.227,-0.422,-0.916,0.247
11:24:54.423,-0.379,-0.867,0.228
11:24:54.618,-0.416,-0.899,0.195
11:24:54.815,-0.42,-0.901,0.236
11:24:55.008,-0.472,-0.927,0.215
11:24:55.203,-0.393,-0.915,0.178
11:24:55.397,-0.341,-0.952,0.186
11:24:55.642,-0.292,-0.886,0.264
11:24:55.837,-0.357,-0.884,0.261
11:24:56.036,-0.471,-0.919,0.257
11:24:56.238,-0.423,-0.883,0.231
11:24:56.422,-0.47,-0.963,0.25
11:24:56.617,-0.381,-0.905,0.261
11:24:56.812,-0.327,-0.927,0.232
11:24:57.009,-0.35,-0.864,0.25
11:24:57.204,-0.411,-0.941,0.283
11:24:57.396,-0.43,-0.894,0.259
11:24:57.591,-0.409,-0.918,0.277
11:24:57.787,-0.359,-0.892,0.258
11:24:57.982,-0.345,-0.882,0.233
11:24:58.176,-0.376,-0.895,0.238
11:24:58.372,-0.379,-0.916,0.234
11:24:58.566,-0.428,-0.889,0.206
11:24:58.762,-0.419,-0.982,0.22
11:24:59.008,-0.411,-0.883,0.165
11:24:59.151,-0.333,-0.988,0.203
11:24:59.348,-0.256,-0.839,0.35
11:24:59.541,-0.337,-0.895,0.387
11:24:59.736,-0.447,-0.896,0.334
11:24:59.981,-0.326,-0.935,0.366
11:25:00.175,-0.539,-0.78,0.213
11:25:00.370,-0.456,-0.828,0.227
11:25:00.565,-0.454,-0.947,0.21
11:25:00.762,-0.338,-0.904,0.233
11:25:00.956,-0.356,-0.922,0.222
11:25:01.152,-0.351,-0.88,0.245
11:25:01.345,-0.426,-0.903,0.218
11:25:01.541,-0.423,-0.938,0.212
11:25:01.735,-0.398,-0.912,0.218
11:25:01.931,-0.357,-0.909,0.229
11:25:02.125,-0.358,-0.928,0.227
11:25:02.321,-0.363,-0.909,0.223
11:25:02.515,-0.347,-0.923,0.22
11:25:02.710,-0.376,-0.879,0.236
11:25:02.905,-0.421,-0.897,0.224
11:25:03.101,-0.442,-0.909,0.216
11:25:03.299,-0.405,-0.888,0.222
11:25:03.490,-0.411,-0.891,0.229
11:25:03.734,-0.391,-0.914,0.23
11:25:03.882,-0.397,-0.912,0.224
11:25:04.075,-0.321,-0.907,0.371
11:25:04.320,-0.423,-0.8,0.447
11:25:04.514,-0.425,-0.74,0.513
11:25:04.709,-0.567,-0.648,0.701
11:25:04.904,-0.214,-0.656,0.755
11:25:05.100,-0.173,-0.602,0.875
11:25:05.295,-0.067,-0.247,0.793
11:25:05.489,-0.243,-0.249,0.831
11:25:05.686,-0.395,0.114,0.802
11:25:05.880,-0.028,0.835,0.181
11:25:06.172,-0.494,-0.194,0.875
11:25:06.269,-0.542,-0.174,0.701
11:25:06.466,-0.451,-1.036,0.666
11:25:06.659,0.0,-0.969,0.703
11:25:06.854,-0.381,-1.083,0.335
11:25:07.049,-0.155,-0.891,0.413
11:25:07.244,-0.141,-0.686,0.516
11:25:07.439,-0.277,-0.915,0.51
11:25:07.684,-0.322,-1.095,0.567
11:25:07.830,-0.229,-0.631,0.56
11:25:08.024,-0.112,-1.016,0.414
11:25:08.219,-0.52,-0.635,0.532
11:25:08.414,-0.683,-0.289,0.472
11:25:08.658,-0.812,-0.287,0.603
11:25:08.853,-0.747,-0.522,0.698
11:25:09.049,-0.657,-0.5,0.566
11:25:09.243,-0.596,-0.409,0.676
11:25:09.440,-0.606,-0.429,0.641
11:25:09.634,-0.585,-0.5,0.68
11:25:09.828,-0.621,-0.541,0.669
11:25:10.023,-0.679,-0.499,0.577
11:25:10.267,-0.57,-0.611,0.682
11:25:10.461,-1.25,-0.322,0.496
11:25:10.608,-0.698,0.125,0.43
11:25:10.805,-0.667,0.28,0.595
11:25:10.997,-0.595,0.142,0.573
11:25:11.193,-1.579,-0.343,0.184
11:25:11.387,-0.842,-0.358,0.394
11:25:11.582,-1.039,-0.453,0.42
11:25:11.777,-0.859,-0.115,0.348
11:25:11.977,-0.787,0.188,0.4
11:25:12.170,-0.777,0.439,0.222
11:25:12.363,-0.766,0.314,0.366
11:25:12.557,-1.039,-0.21,0.427
11:25:12.753,-0.885,-0.198,0.412
11:25:12.996,-1.02,-0.283,0.485
11:25:13.191,-0.796,-0.076,0.538
11:25:13.435,-0.628,0.178,0.635
11:25:13.598,-0.676,0.51,0.391
11:25:13.776,-0.695,0.431,0.44
11:25:13.973,-0.583,0.133,0.306
11:25:14.167,-0.921,-0.057,0.428
11:25:14.365,-0.918,-0.073,0.544
11:25:14.558,-0.891,0.06,0.434
11:25:14.754,-0.763,0.312,0.42
11:25:14.947,-0.722,0.493,0.41
11:25:15.142,-0.701,0.326,0.375
11:25:15.336,-0.84,0.23,0.349
11:25:15.534,-0.947,0.02,0.362
11:25:15.726,-1.098,-0.047,0.391
11:25:15.924,-0.973,0.152,0.308
11:25:16.124,-0.732,0.533,0.29
11:25:16.313,-0.73,0.5,0.298
11:25:16.506,-0.737,0.475,0.338
11:25:16.706,-1.014,0.062,0.437
11:25:16.896,-0.93,-0.091,0.507
11:25:17.140,-0.984,-0.182,0.503
11:25:17.338,-0.901,-0.05,0.451
11:25:17.581,-0.836,0.248,0.444
11:25:17.726,-0.758,0.407,0.39
11:25:17.923,-0.624,0.412,0.322
11:25:18.118,-0.865,0.247,0.465
11:25:18.311,-1.083,0.024,0.52
11:25:18.506,-0.866,0.083,0.447
11:25:18.706,-0.771,0.396,0.416
11:25:18.945,-0.598,0.535,0.374
11:25:19.092,-0.734,0.416,0.418
11:25:19.288,-0.786,0.319,0.433
11:25:19.481,-0.802,0.18,0.475
11:25:19.725,-0.833,0.173,0.498
11:25:19.871,-0.82,0.165,0.531
11:25:20.069,-0.844,0.197,0.525
11:25:20.260,-0.772,0.05,0.528
11:25:20.456,-0.9,0.275,0.468
11:25:20.650,-0.898,0.091,0.544
11:25:20.945,-0.839,0.032,0.622
11:25:21.040,-0.712,0.256,0.49
11:25:21.284,-0.524,0.032,0.357
11:25:21.527,-0.781,-0.991,0.361
11:25:21.674,-0.532,-0.973,0.354
11:25:21.870,-0.666,-0.776,0.237
11:25:22.064,-0.457,-0.806,0.139
11:25:22.259,-0.58,-0.735,0.187
11:25:22.458,-0.677,-0.996,0.51
11:25:22.653,-0.386,-0.937,0.333
11:25:22.845,-0.409,-0.809,0.254
11:25:23.038,-0.25,-0.726,0.428
11:25:23.234,-0.29,-0.767,0.584
11:25:23.429,-0.303,-0.902,0.536
11:25:23.625,-0.364,-0.836,0.378
11:25:23.820,-0.427,-0.918,0.416
11:25:24.015,-0.378,-0.918,0.458
11:25:24.209,-0.437,-0.825,0.332
11:25:24.404,-0.437,-0.766,0.351
11:25:24.600,-0.567,-0.919,0.308
11:25:24.794,-0.593,-0.723,0.369
11:25:24.991,-0.601,-0.6,0.535
11:25:25.186,-0.715,-0.534,0.502
11:25:25.379,-0.754,-0.559,0.409
11:25:25.573,-0.569,-0.712,0.422
11:25:25.818,-0.585,-0.738,0.438
11:25:26.012,-0.551,-0.777,0.468
11:25:26.207,-0.665,-0.836,0.486
11:25:26.500,-0.854,-0.526,0.44
11:25:26.597,-1.055,-0.125,0.378
11:25:26.842,-0.787,0.221,0.485
11:25:26.988,-0.894,0.362,0.604
11:25:27.183,-0.228,0.669,0.321
11:25:27.379,-0.395,0.71,0.353
11:25:27.622,-0.514,0.885,0.789
11:25:27.816,0.006,0.79,0.383
11:25:27.969,-0.293,0.75,0.522
11:25:28.158,-0.038,0.843,0.554
11:25:28.403,-0.078,0.779,0.531
11:25:28.550,-0.041,1.077,0.695
11:25:28.743,0.16,0.49,0.797
11:25:28.939,0.141,0.723,0.523
11:25:29.134,0.295,0.77,0.596
11:25:29.328,0.253,0.75,0.602
11:25:29.523,0.258,0.75,0.581
11:25:29.768,0.24,0.738,0.592
11:25:29.914,0.288,0.714,0.676
11:25:30.160,0.315,0.796,0.574
11:25:30.352,0.521,0.775,0.516
11:25:30.547,0.467,0.679,0.262
11:25:30.742,0.595,0.775,0.306
11:25:30.940,0.608,0.75,0.244
11:25:31.132,0.598,0.745,0.221
11:25:31.327,0.535,0.773,0.357
11:25:31.522,0.501,0.786,0.323
11:25:31.717,0.319,0.74,0.476
11:25:31.912,0.377,0.636,0.747
11:25:32.111,0.341,0.684,0.62
11:25:32.350,0.354,0.735,0.567
11:25:32.498,0.384,0.692,0.587
11:25:32.692,0.414,0.628,0.477
11:25:32.887,0.144,-0.036,0.779
11:25:33.082,0.548,0.064,0.979
11:25:33.279,0.372,0.034,0.941
11:25:33.474,0.498,0.028,0.854
11:25:33.667,0.738,0.382,0.849
11:25:33.861,0.551,0.517,0.213
11:25:34.056,0.621,0.44,0.458
11:25:34.251,0.545,0.677,0.422
11:25:34.495,0.783,0.603,0.221
11:25:34.691,0.752,0.441,0.425
11:25:34.935,0.729,0.539,0.696
11:25:35.130,0.654,0.53,0.49
11:25:35.277,0.718,0.544,0.479
11:25:35.519,0.738,0.477,0.509
11:25:35.665,0.721,0.461,0.529
11:25:35.861,0.732,0.476,0.464
11:25:36.055,0.714,0.457,0.524
11:25:36.250,0.696,0.49,0.522
11:25:36.446,0.683,0.454,0.568
11:25:36.641,0.648,0.515,0.558
11:25:36.836,0.659,0.497,0.549
11:25:37.031,0.663,0.504,0.528
11:25:37.226,0.657,0.513,0.556
11:25:37.423,0.644,0.485,0.573
11:25:37.619,0.641,0.51,0.551
11:25:37.810,0.667,0.501,0.532
11:25:38.008,0.653,0.437,0.519
11:25:38.201,0.716,0.52,0.548
11:25:38.398,0.664,0.393,0.542
11:25:38.591,0.587,0.729,0.427
11:25:38.836,0.408,0.618,0.453
11:25:39.029,0.345,0.82,0.752
11:25:39.225,0.274,0.704,0.6
11:25:39.425,0.228,0.78,0.53
11:25:39.614,0.104,0.795,0.494
11:25:39.812,-0.047,0.726,0.51
11:25:40.005,-0.017,0.921,0.477
11:25:40.199,-0.02,0.863,0.432
11:25:40.394,0.063,0.928,0.524
11:25:40.590,0.072,0.93,0.458
11:25:40.784,0.046,0.976,0.459
11:25:40.982,0.079,0.898,0.351
11:25:41.175,0.265,0.852,0.349
11:25:41.369,0.694,0.686,0.187
11:25:41.565,0.487,0.647,0.502
11:25:41.760,0.333,0.6,0.547
11:25:41.955,0.478,1.248,0.283
11:25:42.150,0.456,0.627,0.126
11:25:42.344,0.577,0.533,0.334
11:25:42.541,0.469,0.753,0.115
11:25:42.735,0.143,0.541,0.835
11:25:42.930,0.044,0.713,0.542
11:25:43.174,-0.071,0.825,0.742
11:25:43.368,-0.199,0.895,0.566
11:25:43.564,-0.127,0.887,0.61
11:25:43.758,-0.229,0.584,0.84
11:25:43.954,-0.186,0.521,0.383
11:25:44.148,-0.278,0.571,0.91
11:25:44.343,-0.24,0.538,0.592
11:25:44.538,-0.345,0.601,0.928
11:25:44.733,-0.398,0.406,0.706
11:25:44.928,-0.308,0.504,0.655
11:25:45.124,-0.665,-0.62,0.93
11:25:45.319,-0.374,0.124,1.053
11:25:45.513,-0.704,0.611,0.026
11:25:45.708,-0.858,0.605,-0.015
11:25:45.904,-0.937,0.652,0.067
11:25:46.100,-0.927,0.491,0.241
11:25:46.293,-0.571,0.738,0.343
11:25:46.488,-0.486,0.6,0.39
11:25:46.683,-0.659,0.511,0.633
11:25:46.878,-0.688,0.345,0.741
11:25:47.073,-0.608,0.441,0.806
11:25:47.317,-0.442,0.338,0.948
11:25:47.561,-0.349,0.469,0.709
11:25:47.708,-0.345,0.712,0.688
11:25:47.905,-0.394,0.92,0.754
11:25:48.097,-0.203,1.166,0.129
11:25:48.293,-0.092,0.926,0.284
11:25:48.487,-0.197,0.825,0.49
11:25:48.682,-0.181,0.808,0.558
11:25:48.878,0.115,0.812,0.693
11:25:49.076,-0.036,0.535,0.438
11:25:49.267,-0.281,0.712,0.421
11:25:49.462,-0.329,0.874,0.647
11:25:49.656,-0.132,0.806,0.551
11:25:49.852,0.018,0.739,0.586
11:25:50.048,0.048,0.827,0.538
11:25:50.291,0.098,0.843,0.546
11:25:50.438,-0.091,0.813,0.319
11:25:50.633,-0.123,0.772,0.657
11:25:50.827,-0.187,0.851,0.589
11:25:51.022,-0.187,0.755,0.418
11:25:51.217,-0.259,0.902,0.312
11:25:51.413,-0.214,0.937,0.322
11:25:51.608,-0.059,0.79,0.145
11:25:51.851,-0.199,0.957,-0.117
11:25:52.047,-0.218,1.01,0.204
11:25:52.244,-0.065,0.842,0.129
11:25:52.436,-0.403,0.851,0.291
11:25:52.631,-0.718,0.976,0.145
11:25:52.826,-0.41,1.753,0.34
11:25:53.021,0.592,-0.099,0.044
11:25:53.218,1.228,0.453,0.9
11:25:53.411,0.033,0.382,0.297
11:25:53.606,1.264,0.654,0.91
11:25:53.801,0.6,0.566,0.125
11:25:53.996,0.717,0.694,0.583
11:25:54.192,0.46,0.755,0.223
11:25:54.386,0.403,0.931,0.612
11:25:54.582,0.41,0.795,0.091
11:25:54.779,0.109,0.909,0.147
11:25:54.971,0.282,0.748,0.451
11:25:55.166,0.166,0.872,0.417
11:25:55.363,0.188,0.857,0.517
11:25:55.556,0.084,0.791,0.452
11:25:55.751,0.024,0.799,0.502
11:25:55.994,0.099,0.707,0.493
11:25:56.189,-0.011,0.75,0.373
11:25:56.388,0.23,0.758,0.423
11:25:56.581,0.25,0.734,-0.07
11:25:56.776,0.513,1.458,0.359
11:25:56.970,1.999,1.999,0.267
11:25:57.164,1.999,-0.098,1.999
11:25:57.359,0.338,0.717,0.541
11:25:57.558,-0.312,0.767,0.381
11:25:57.750,-0.07,0.938,0.118
11:25:57.945,-0.386,0.848,-0.079
11:25:58.140,-0.166,0.772,0.181
11:25:58.336,-0.219,0.98,0.492
11:25:58.530,-0.203,1.205,0.525
11:25:58.730,1.088,1.16,0.795
11:25:58.922,-0.057,0.987,0.04
11:25:59.262,-0.272,1.049,0.364
11:25:59.310,-0.239,0.973,0.189
11:25:59.505,0.003,0.706,0.322
11:25:59.699,-0.303,1.276,0.196
11:25:59.896,0.408,-0.264,-0.088
11:26:00.091,0.342,0.957,0.293
11:26:00.333,-0.682,0.683,0.495
11:26:00.531,0.097,0.719,0.398
11:26:00.726,0.141,0.57,0.431
11:26:00.922,-0.231,0.954,0.31
11:26:01.113,-0.023,0.737,0.734
11:26:01.311,-0.158,0.795,0.464
11:26:01.504,-0.088,0.745,0.596
11:26:01.699,-0.221,0.888,0.154
11:26:01.894,-0.383,0.935,0.331
11:26:02.088,0.163,0.704,-0.057
11:26:02.283,-0.019,0.657,-1.03
11:26:02.479,0.152,0.916,0.376
11:26:02.674,0.015,0.927,0.385
11:26:02.868,-0.048,0.83,0.354
11:26:03.064,-0.163,0.94,0.373
11:26:03.262,-0.287,0.962,0.207
11:26:03.455,-0.693,0.894,0.104
11:26:03.648,-0.263,0.815,0.02
11:26:03.844,-0.062,1.186,0.312
11:26:04.038,-1.39,-1.532,-0.77
11:26:04.233,1.729,1.999,0.521
11:26:04.428,-0.458,0.099,1.064
11:26:04.672,0.084,0.59,-0.026
11:26:04.869,0.28,0.439,0.901
11:26:05.064,-0.281,0.259,0.824
11:26:05.257,-0.185,0.716,0.513
11:26:05.470,0.067,0.682,0.518
11:26:05.648,-0.605,0.788,0.141
11:26:05.843,-0.176,0.889,0.171
11:26:06.041,-0.353,0.807,0.177
11:26:06.232,-0.358,0.776,0.585
11:26:06.427,-0.64,0.557,0.283
11:26:06.643,-0.475,0.792,0.582
11:26:06.818,-0.365,0.722,0.573
11:26:07.013,-0.426,0.798,0.534
11:26:07.208,-0.472,0.733,0.292
11:26:07.451,-0.336,0.8,0.446
11:26:07.599,-0.507,0.807,0.551
11:26:07.792,-0.225,0.801,0.188
11:26:07.987,-0.631,1.56,1.354
11:26:08.183,0.283,1.221,-0.669
11:26:08.378,0.184,0.104,-0.456
11:26:08.574,0.284,1.541,-0.618
11:26:08.767,0.017,0.98,-0.25
11:26:09.011,0.083,0.988,-0.114
11:26:09.208,-0.026,1.033,0.198
11:26:09.404,0.069,0.972,0.021
11:26:09.596,0.083,0.954,-0.013
11:26:09.794,0.164,0.976,0.12
11:26:09.986,0.104,1.062,0.095
11:26:10.182,0.127,1.002,0.305
11:26:10.377,0.057,0.843,0.28
11:26:10.572,0.122,0.923,0.455
11:26:10.768,-0.015,0.786,0.712
11:26:10.962,0.139,0.752,0.658
11:26:11.156,0.028,1.048,0.248
11:26:11.351,0.093,0.675,0.744
11:26:11.548,0.219,1.025,0.332
11:26:11.742,0.185,0.729,0.803
11:26:11.937,-0.308,0.836,0.796
11:26:12.132,-0.002,0.589,0.865
11:26:12.326,-0.225,0.604,0.79
11:26:12.521,-0.035,0.579,0.83
11:26:12.717,-0.062,0.664,0.838
11:26:12.911,-0.03,0.55,0.798
11:26:13.107,-0.067,0.656,0.85
11:26:13.356,-0.059,0.614,0.736
11:26:13.546,0.091,0.593,0.665
11:26:13.740,0.241,0.682,0.93
11:26:13.935,0.314,0.745,1.182
11:26:14.130,0.412,0.965,1.019
11:26:14.326,1.383,0.404,0.873
11:26:14.521,-0.592,-0.002,0.117
11:26:14.715,-0.811,0.891,-0.095
11:26:14.910,-0.141,0.744,0.287
11:26:15.106,0.161,1.043,0.415
11:26:15.300,-0.389,0.861,0.601
11:26:15.495,-0.721,0.63,0.248
11:26:15.691,-0.036,1.023,0.031
11:26:15.885,0.131,1.099,0.21
11:26:16.081,-0.06,1.082,0.394
11:26:16.275,0.079,0.999,0.403
11:26:16.520,0.02,1.013,0.656
11:26:16.665,0.077,0.897,0.513
11:26:16.861,0.204,0.769,0.396
11:26:17.058,-0.061,0.973,0.501
11:26:17.250,-0.068,0.916,0.309
11:26:17.445,0.023,0.766,0.604
11:26:17.689,-0.04,0.995,0.419
11:26:17.885,0.01,0.935,0.389
11:26:18.079,0.108,0.932,0.337
11:26:18.323,-0.049,0.687,0.589
11:26:18.469,-0.12,0.93,0.699
11:26:18.666,0.115,0.685,0.722
11:26:18.859,-0.145,0.836,0.619
11:26:19.054,0.023,0.924,0.471
11:26:19.249,0.045,0.75,0.745
11:26:19.445,0.146,0.744,0.78
11:26:19.639,0.252,0.731,0.789
11:26:19.834,1.969,1.067,1.681
11:26:20.031,-2.0,-0.641,-1.927
11:26:20.225,-0.362,1.325,0.347
11:26:20.420,0.063,0.912,0.19
11:26:20.614,0.184,0.965,0.174
11:26:20.809,0.098,1.114,0.018
11:26:21.006,0.166,1.154,0.398
11:26:21.199,0.103,0.828,0.076
11:26:21.394,-0.019,1.15,0.366
11:26:21.638,0.075,0.824,0.404
11:26:21.784,0.023,1.037,0.413
11:26:22.028,-0.279,0.816,0.753
11:26:22.225,0.16,0.557,0.55
11:26:22.417,-0.054,0.915,0.384
11:26:22.613,0.074,0.807,0.602
11:26:22.808,0.022,0.934,0.726
11:26:23.004,0.051,0.842,0.457
11:26:23.197,-0.067,0.952,0.462
11:26:23.394,0.044,0.905,0.54
11:26:23.589,0.139,0.851,0.555
11:26:23.783,0.188,0.857,0.287
11:26:23.978,0.147,0.888,0.452
11:26:24.174,0.174,0.816,0.476
11:26:24.368,0.147,0.499,-0.791
11:26:24.562,-0.721,1.999,0.411
11:26:24.758,-0.203,-0.211,0.204
11:26:24.958,-0.415,0.946,0.259
11:26:25.148,-0.229,0.835,0.145
11:26:25.343,-0.378,1.017,0.393
11:26:25.539,-0.151,0.742,0.434
11:26:25.734,-0.166,0.802,0.38
11:26:25.939,0.016,0.779,0.51
11:26:26.221,-0.622,1.085,0.604
11:26:26.371,-0.39,1.0,0.527
11:26:26.561,-0.336,1.025,0.415
11:26:26.756,-0.047,0.907,0.426
11:26:26.958,0.033,0.923,0.355
11:26:27.149,-0.305,-0.174,0.758
11:26:27.342,1.443,0.279,-0.934
11:26:27.538,-1.569,-1.992,1.562
11:26:27.731,-1.029,-2.0,1.029
11:26:27.927,-0.72,-1.054,1.086
11:26:28.123,-0.388,-1.812,0.571
11:26:28.320,-0.683,-0.482,0.454
11:26:28.519,-0.204,0.419,0.115
11:26:28.707,0.248,0.569,0.437
11:26:28.902,0.774,0.448,0.562
11:26:29.097,-0.733,0.825,0.164
11:26:29.292,-1.444,1.056,-0.232
11:26:29.487,-1.316,0.896,-0.067
11:26:29.736,-0.143,0.93,-0.144
11:26:29.879,0.414,0.079,1.375
11:26:30.123,-0.355,0.529,0.861
11:26:30.269,-0.64,0.588,0.75
11:26:30.464,-0.72,0.72,0.391
11:26:30.805,-0.807,0.713,0.317
11:26:30.903,-0.77,0.507,0.301
11:26:31.096,-0.75,0.651,0.197
11:26:31.292,-0.679,0.753,0.297
11:26:31.485,-0.602,0.494,0.522
11:26:31.681,-0.629,0.268,0.707
11:26:31.877,-0.562,0.354,0.525
11:26:32.071,-0.736,0.437,0.593
11:26:32.271,-2.0,-0.381,0.565
11:26:32.461,-0.749,0.387,0.579
11:26:32.656,-1.058,0.373,0.25
11:26:32.852,-0.626,0.234,0.466
11:26:33.046,-0.614,-0.255,0.283
11:26:33.241,-0.67,-0.785,0.3
11:26:33.436,-0.489,-1.099,0.353
11:26:33.632,-0.476,-0.882,0.289
11:26:33.827,-0.392,-0.899,0.238
11:26:34.020,-0.437,-0.877,0.262
11:26:34.216,-0.416,-0.931,0.224
11:26:34.410,-0.398,-0.896,0.217
11:26:34.606,-0.373,-0.86,0.254
11:26:34.800,-0.343,-0.927,0.218
11:26:35.044,-0.398,-0.88,0.254
11:26:35.239,-0.441,-0.91,0.24
11:26:35.436,-0.426,-0.919,0.234
11:26:35.630,-0.393,-0.947,0.242
11:26:35.825,-0.334,-0.907,0.232
11:26:36.019,-0.34,-0.913,0.21
11:26:36.213,-0.323,-0.923,0.23
11:26:36.410,-0.328,-0.883,0.267
11:26:36.604,-0.423,-0.921,0.218
11:26:36.799,-0.422,-0.934,0.182
11:26:36.994,-0.408,-0.938,0.192
11:26:37.189,-0.411,-0.847,0.141
11:26:37.384,-0.325,-1.03,0.15
11:26:37.583,-0.349,-1.034,0.127
11:26:37.774,-0.253,-0.844,0.237
11:26:37.969,-0.436,-0.951,0.219
11:26:38.166,-0.419,-0.861,0.274
11:26:38.360,-0.393,-0.97,0.289
11:26:38.554,-0.407,-0.981,0.404
11:26:38.751,-0.493,-0.915,0.347
11:26:38.945,-0.96,-0.967,0.333
11:26:39.140,-1.046,-0.197,0.578
11:26:39.383,-0.083,0.43,0.313
11:26:39.582,0.033,0.718,0.533
11:26:39.777,0.062,0.772,0.515
11:26:39.969,0.055,0.807,0.691
11:26:40.163,0.114,0.805,0.554
11:26:40.361,0.494,0.697,0.419
11:26:40.553,0.657,0.587,0.241
11:26:40.749,0.531,0.588,0.277
11:26:40.943,0.303,1.576,0.959
11:26:41.139,0.247,1.007,0.033
11:26:41.334,0.389,0.428,0.275
11:26:41.529,0.555,0.754,0.48
11:26:41.772,0.588,0.595,0.56
11:26:41.918,0.514,0.67,0.421
11:26:42.115,0.498,0.712,0.45
11:26:42.308,0.601,0.693,0.47
11:26:42.503,0.529,0.613,0.409
11:26:42.698,0.657,0.644,0.458
11:26:42.896,0.5,0.512,0.346
11:26:43.089,0.383,0.541,0.24
11:26:43.285,-0.111,0.927,0.65
11:26:43.527,-0.132,0.701,0.72
11:26:43.723,-0.813,0.029,0.391
11:26:43.920,-0.804,-0.452,1.046
11:26:44.112,-0.779,-0.436,0.674
11:26:44.308,-0.79,-0.396,0.353
11:26:44.504,-0.792,-0.398,0.405
11:26:44.698,-0.818,-0.39,0.385
11:26:44.892,-0.908,-0.354,0.398
11:26:45.087,-0.825,-0.37,0.395
11:26:45.282,-0.852,-0.347,0.409
11:26:45.478,-0.862,-0.363,0.384
11:26:45.672,-0.847,-0.351,0.404
11:26:45.867,-0.848,-0.371,0.397
11:26:46.067,-0.833,-0.354,0.38
11:26:46.259,-0.789,-0.383,0.383
11:26:46.453,-0.847,-0.348,0.39
11:26:46.647,-0.927,-0.226,0.28
11:26:46.842,-0.863,-0.187,0.403
11:26:47.037,-0.852,-0.194,0.342
11:26:47.233,-0.916,-0.317,0.309
11:26:47.429,-0.908,-0.464,0.446
11:26:47.623,-0.708,-0.463,0.382
11:26:47.867,-0.775,-0.373,0.38
11:26:48.062,-0.739,-0.504,0.577
11:26:48.256,-0.523,-0.446,0.559
11:26:48.452,-0.834,-0.575,0.716
11:26:48.647,-0.75,-0.332,0.616
11:26:48.841,-0.802,-0.163,0.655
11:26:49.037,-0.643,0.067,0.746
11:26:49.232,-0.758,0.041,0.857
11:26:49.426,-0.856,0.06,0.791
11:26:49.621,-0.505,-0.161,0.73
11:26:49.818,-0.659,-0.303,0.68
11:26:50.011,-0.416,-0.532,0.757
11:26:50.205,-0.514,-0.404,0.75
11:26:50.401,-0.521,-0.614,0.698
11:26:50.596,-0.474,-0.5,0.752
11:26:50.791,-0.479,-0.517,0.581
11:26:50.986,-0.638,-0.471,0.63
11:26:51.182,-0.721,-0.453,0.723
11:26:51.376,-0.658,-0.432,0.697
11:26:51.574,-0.636,-0.356,0.771
11:26:51.769,-0.485,-0.458,0.742
11:26:51.961,-0.48,-0.396,0.646
11:26:52.205,-0.35,-0.518,0.757
11:26:52.402,-0.599,-0.503,0.748
11:26:52.595,-0.623,-0.473,0.671
11:26:52.790,-0.599,-0.474,0.66
11:26:52.987,-0.609,-0.497,0.66
11:26:53.180,-0.569,-0.511,0.652
11:26:53.376,-0.561,-0.518,0.664
11:26:53.573,-0.545,-0.512,0.637
11:26:53.771,-0.586,-0.519,0.657
